Plant_ID,Temperature,AirHumidity,SoilMoisture,Health_Status
Plant_1,26.4901424590337,73.99355436586002,34.87232587538428,0
Plant_2,24.585207096486446,69.24633682912769,42.83221993926723,1
Plant_3,26.94306561430208,60.59630369920174,33.11370118500058,1
Plant_4,29.569089569224076,53.53063222294426,40.38057705541439,1
Plant_5,24.29753987582999,66.9822331361359,16.595779995693213,1
Plant_6,24.29758912915246,63.934853854217494,48.19940561059408,1
Plant_7,29.737638446522176,68.95193220027733,45.01808213043336,1
Plant_8,27.302304187458727,66.35171801681969,32.74367053397714,0
Plant_9,23.591576842195146,70.49552715319335,54.88868502648607,1
Plant_10,26.627680130757895,54.64764788439432,59.06355206439838,1
Plant_11,23.609746921562614,73.17394065634326,20.886602034465387,1
Plant_12,23.60281073928923,61.975996046923996,33.55912832150679,1
Plant_13,25.725886814698104,80.75260872625265,33.46286475319053,1
Plant_14,19.260159266026605,53.10812181910432,30.90145348336703,1
Plant_15,19.8252465024609,77.3596380316525,57.44212262897623,1
Plant_16,23.313137412277083,61.979107834626475,42.09260791840795,1
Plant_17,21.961506638996728,53.48581996385552,41.03227738034084,1
Plant_18,25.94274199778582,55.16114165945678,14.942064533898698,1
Plant_19,22.27592777343637,56.7965269180568,54.5312704531384,1
Plant_20,20.763088895994127,64.24165946401916,26.41112407719791,1
Plant_21,29.39694630676466,65.228354880355,45.89898945399492,1
Plant_22,24.322671098540393,54.26299996061421,49.160654069372875,1
Plant_23,25.20258461406377,59.756454077390174,65.40987893757976,1
Plant_24,20.72575544135963,81.42270358611864,25.36769401321332,1
Plant_25,23.36685182642445,77.27543170100711,-0.29268233731237814,1
Plant_26,25.3327677691296,64.36323669674032,47.75774317130542,1
Plant_27,21.54701926773309,60.380034781682,72.0076677226628,1
Plant_28,26.127094055037016,61.200313267182615,63.58419529409156,0
Plant_29,23.198083930243584,66.13517972730416,48.14489122911939,0
Plant_30,24.124918750620168,49.77207434801595,37.62545721551929,1
Plant_31,23.194880163311808,57.42623462576655,57.10683894955966,0
Plant_32,30.556834553526812,43.314159261224106,30.396807004432972,1
Plant_33,24.9595083257862,63.992231226052795,52.14536654034329,1
Plant_34,21.8268672131323,66.4719593970274,52.5820523874994,1
Plant_35,27.467634736309567,55.16813537700626,60.90314861248319,0
Plant_36,21.337469050086934,75.73986763290033,86.39490058366616,1
Plant_37,25.626590785014265,47.74234336997659,50.88623950768151,1
Plant_38,19.120989628360675,45.3562511979018,37.36554561438752,0
Plant_39,21.015441853304708,62.24451818559972,44.616385317120084,1
Plant_40,25.590583707607372,70.47098302612154,18.463861426663225,1
Plant_41,27.215399739986232,76.83927691457869,34.579303033664125,1
Plant_42,25.51410484356991,55.4111573713106,38.86076342830344,1
Plant_43,24.65305515283528,70.78680833431295,37.138674030981115,1
Plant_44,24.096688913232132,59.61491530499293,47.28532308050583,1
Plant_45,20.56443402889772,58.273727000591805,32.66370101426699,1
Plant_46,22.840467374815873,68.83659937486672,61.81546000986707,1
Plant_47,23.618083687120638,66.52322878413419,45.00310597377295,1
Plant_48,28.171366678656746,44.236078430157505,44.860495182920786,1
Plant_49,26.030854868705383,74.76540349725896,40.081579252306234,0
Plant_50,19.7108795339118,73.80091354147451,47.32786025788469,1
Plant_51,25.972251908184386,53.74437298490471,57.37647397001452,1
Plant_52,23.84475315875105,63.95803533437409,31.993046764336498,1
Plant_53,22.969233999082125,64.94030186282738,35.12825266387115,1
Plant_54,26.835028866522602,62.60673765823907,40.44410956835003,1
Plant_55,28.092998567487854,54.4969484615458,24.811936147901775,1
Plant_56,27.793840357348596,53.283766320619485,32.71113210417754,1
Plant_57,22.482347430332084,59.744459290085544,37.85668689683011,1
Plant_58,24.072362872446355,71.72729019259364,58.11583771069091,1
Plant_59,25.99379029421069,65.43600154594432,48.938419935028875,1
Plant_60,27.926635381367078,56.29385667913894,47.90384867051316,1
Plant_61,23.56247728646413,67.71698710648344,57.763469432519585,1
Plant_62,24.44302307000855,31.514573793699245,42.93942317400905,1
Plant_63,21.680995077981915,71.48765700372104,50.856972748933345,1
Plant_64,21.411380127757987,42.60286221221901,43.451673706012556,1
Plant_65,27.437577467182592,56.37559058596868,48.980435240994424,1
Plant_66,29.06872008571247,48.803301053738565,36.25862013582627,1
Plant_67,24.783969635258998,47.053185242790946,8.417742625853563,1
Plant_68,28.010598693676073,71.6082678737852,42.985812567205436,1
Plant_69,26.084908075142902,55.32298798688109,66.3412220414991,1
Plant_70,23.06464073618463,63.46503881730716,58.893231033623884,1
Plant_71,26.084186816525243,59.53079421120816,59.48096226886756,1
Plant_72,29.614109699397908,64.77040827223121,63.54196082709326,0
Plant_73,24.892521882670145,60.768218910602556,46.32986386442156,1
Plant_74,29.693930967442018,47.1700777581143,47.959735611083936,1
Plant_75,17.140764687730766,69.9626681944714,35.73522156848475,1
Plant_76,27.465707513125672,55.06243416838687,40.25890715959425,1
Plant_77,25.261141204714512,44.434181013402494,54.23656724656712,0
Plant_78,24.102977948602398,55.718848390340874,63.05826655753224,1
Plant_79,25.275282329606508,75.00759790634311,42.90830586478501,0
Plant_80,19.037293256197323,68.50221742113493,38.24716102722883,1
Plant_81,24.340984336487463,56.51347865592141,45.00791938284896,1
Plant_82,26.07133771453524,56.50742295681571,54.01810123393672,1
Plant_83,29.433682134224547,56.783649487826175,23.342177757996872,1
Plant_84,23.44518934517906,80.76747983560841,10.557285702941428,1
Plant_85,22.574519191320437,63.819354522315535,36.74194725762625,1
Plant_86,23.49472886924639,64.3004164719107,26.68931361128762,1
Plant_87,27.746206353106224,70.30283454031843,37.37789703529034,1
Plant_88,25.986253328979053,62.387891590265134,42.78329521773793,0
Plant_89,23.410719388698883,57.40957854179297,38.2012738646548,1
Plant_90,26.539802299340067,58.03650150915022,66.78701301706118,1
Plant_91,25.291232648044122,59.283987405859364,49.9011714690348,1
Plant_92,27.90593497159867,59.627777634901584,49.507115394162426,1
Plant_93,22.893840718367944,67.2762954363698,54.333107160651025,1
Plant_94,24.017013560206696,60.519458858072994,27.917503233288464,1
Plant_95,23.823675540603528,67.3264007721558,60.58667681130403,1
Plant_96,20.609455155603644,59.19283419891418,43.863535701968104,1
Plant_97,25.88836083119373,60.786351903160906,55.05720925861819,0
Plant_98,25.783165816539668,40.01799315467892,28.92214150439767,1
Plant_99,25.015340369927383,69.16327674702481,21.693618509759034,1
Plant_100,24.29623859987456,63.46488475897993,57.26834487037543,1
Plant_101,20.753887773848756,69.98010109859652,50.64614289146275,1
Plant_102,23.738064031703924,31.037446218063106,31.469226684637345,1
Plant_103,23.971856450419693,80.88374704780728,31.955053780879584,0
Plant_104,22.593168192335142,58.604103718448265,61.88152176622154,1
Plant_105,24.516142865001974,71.08182816737516,27.15882160699008,1
Plant_106,26.212152570443614,49.60094072874469,69.64009429883944,1
Plant_107,30.65855770363159,66.12773905062569,31.49068898028197,1
Plant_108,25.523733438495515,49.46584436826344,54.57587888412574,1
Plant_109,25.772651172168292,53.76231039304195,40.07072286376523,1
Plant_110,24.7766622527015,79.14031353866787,54.047811466235146,1
Plant_111,19.243686354102877,58.09317599236653,36.838289968287114,1
Plant_112,24.920458373652348,62.17432873179723,42.558106408915584,0
Plant_113,25.18069062982308,68.70067730688754,45.61378763093582,1
Plant_114,32.389726337455855,64.95681887972604,29.96718816327791,1
Plant_115,24.422917105656634,61.504189051435766,56.11236518130189,1
Plant_116,25.904642027000836,63.64961002466225,37.30179650292622,0
Plant_117,24.89586469088427,84.03415585238275,41.571001269899725,1
Plant_118,21.493965887141403,59.42381202966415,30.084759380872317,1
Plant_119,28.42846844354506,62.010990467149675,6.5649951180703425,1
Plant_120,27.255799098060322,70.50654396007612,42.13458356099746,1
Plant_121,27.373095841129143,71.05525932957984,81.18923132419374,1
Plant_122,22.271837635615782,71.8703030556038,56.769064318470356,1
Plant_123,29.2083829328083,66.38730222029184,44.71109430398408,1
Plant_124,20.794446811623157,48.569950872695166,41.05663756187599,1
Plant_125,26.76057128140081,76.33431532301096,45.33698839218069,1
Plant_126,31.571366877429938,48.53654606981312,53.20678672762815,1
Plant_127,22.028391024607934,63.02635465239033,27.287807770367326,1
Plant_128,23.301106811191683,52.45724149980642,61.71482542003308,1
Plant_129,25.298954095262925,59.35861653407007,55.73071973161866,1
Plant_130,23.489573037651404,63.2876241030348,55.772785885619015,0
Plant_131,20.3480097068016,63.21357215450273,51.57713608214591,1
Plant_132,25.205688924418084,64.21920754235285,45.294249865409846,1
Plant_133,21.813088858821686,76.13711269058646,55.0929185395023,1
Plant_134,26.420777291905544,64.5353430151398,53.87721200612067,1
Plant_135,22.241727297298592,57.558433647093516,39.68938933588464,1
Plant_136,29.649803215052618,69.64087168288357,36.39597340654649,0
Plant_137,22.65024012299129,71.89470488924641,46.527844428929804,1
Plant_138,24.033815451382974,47.72392184863008,68.23530227242782,1
Plant_139,27.440551652109008,65.97400069849859,26.413393865191487,1
Plant_140,21.307407050698135,67.01172742310898,22.9871210137134,1
Plant_141,25.68237980381239,57.02436496640008,47.47141261854775,1
Plant_142,28.921428262847286,73.75706813311619,45.76331552784027,1
Plant_143,20.17755029631632,58.499444129674735,47.60012496555612,1
Plant_144,25.553901575596914,61.255764534715425,48.659297968627506,1
Plant_145,25.779648382745272,58.2692817571613,41.65196618047792,1
Plant_146,27.34546861533193,60.155790475814676,67.34795157903123,1
Plant_147,21.289147867365756,49.037249131047986,20.986440322852268,1
Plant_148,21.03863016074717,45.59949117405706,32.57254462829631,1
Plant_149,26.565824696850694,75.94505063224972,43.45117859776429,0
Plant_150,25.890954019699556,51.53038651681672,20.352167832687492,1
Plant_151,25.75147855103763,50.08607650543693,42.362183933518935,1
Plant_152,26.039344628490927,38.466098863962856,69.92205248592028,1
Plant_153,22.959925835264528,53.610382523104974,45.313297324439425,1
Plant_154,25.696761091483012,46.76910206592502,48.460513585780255,1
Plant_155,25.879217419896044,76.4201516013637,26.097528522411295,1
Plant_156,22.856945745920896,70.09817089342634,35.75457887940784,1
Plant_157,30.59732353343427,53.118496548222765,39.37205429514094,1
Plant_158,26.42149876273536,82.52435805344308,40.23427354865649,1
Plant_159,21.426089508392053,69.81765486991594,64.22465692505654,1
Plant_160,26.96966082590149,56.75168616491378,53.36536591087687,0
Plant_161,22.075954989318035,35.005942851264265,28.32813064594452,1
Plant_162,27.361253811227357,82.90942572590743,48.697571676480074,1
Plant_163,28.47578673702221,46.10427533236404,52.47332622745178,0
Plant_164,22.537953044944867,43.546012530431085,62.102235577819,0
Plant_165,27.890128387732965,70.2257043200964,68.70811029852561,1
Plant_166,26.238342780809496,84.39752406339272,29.773587122581972,1
Plant_167,27.46618047998347,73.84272818510519,32.83713733184493,1
Plant_168,30.690378947961843,65.6390912005236,26.136332116280755,1
Plant_169,24.26383565199139,65.94754341665286,41.48970211339528,1
Plant_170,22.73879150692753,68.53415558780307,51.995375616695014,1
Plant_171,22.33145671112343,67.58928589786765,59.81001774883653,1
Plant_172,22.552569145103686,62.811914239693756,43.86073464536216,1
Plant_173,24.76869487175769,61.04201103951876,40.202287151177345,1
Plant_174,26.02345592444993,59.374068721004775,47.27636988373111,0
Plant_175,25.830072397990058,52.46035411133324,32.472856475549655,1
Plant_176,27.481549747108073,57.19324923133226,76.3430808254216,1
Plant_177,25.03900567563372,43.07043185804615,20.88508459322912,1
Plant_178,29.36060223147195,59.0166037320525,47.77110868343587,0
Plant_179,24.20602950028613,50.11408892849083,75.35409328844459,1
Plant_180,33.160507499768855,48.964106827842286,45.10199766839997,1
Plant_181,26.87700204329502,61.798941511534785,42.14941447497758,1
Plant_182,22.42852733075115,73.920022863446,39.63831865784359,1
Plant_183,21.78732250581666,69.18316606002313,42.29412477356388,0
Plant_184,26.447417245729557,44.29499396376823,65.59272712014796,1
Plant_185,24.329611644022446,50.10371863429663,11.822071330057398,1
Plant_186,27.142001482276275,69.40771187988216,68.00150551944489,1
Plant_187,26.419712873720634,50.175126064616904,23.640642713247825,1
Plant_188,24.78151326202938,57.753668500029754,41.00021506148378,1
Plant_189,22.459618845794786,65.50052099024552,38.56133369552008,1
Plant_190,20.455458325942406,50.31655545136365,53.828299046560794,1
Plant_191,23.660455143798938,61.0537550614596,21.028134721743786,1
Plant_192,27.569196382970418,46.65974505081795,51.93258999122914,0
Plant_193,25.642281232390612,53.98632356048786,75.36464434930278,1
Plant_194,21.262783663864035,63.19781934142537,24.552389931107843,1
Plant_195,25.519542777553546,44.070062664683306,47.84559251415593,0
Plant_196,26.15595213918651,64.40474737960399,35.070267333050865,1
Plant_197,22.3484276913966,59.803622010733186,51.388308092895535,0
Plant_198,25.461175317836584,65.52489954417148,45.28721666123628,1
Plant_199,25.174626155338,62.23914134064661,35.37769636433536,1
Plant_200,21.571089106508133,73.64140429973844,52.31808427306611,1
Plant_201,26.07336208104485,61.25224502647907,72.06522164680115,1
Plant_202,26.682353579104703,55.70594458874747,42.13644312409052,0
Plant_203,28.24915372952583,61.222975030322836,55.79636913222273,1
Plant_204,28.16140615610471,65.43298029036387,25.600905631932545,1
Plant_205,20.866991896128727,60.48860070325704,30.65345434772987,0
Plant_206,22.18652488025463,60.405916912038826,52.08609416820566,1
Plant_207,26.54510580162598,52.980083121932445,67.26174042803947,1
Plant_208,26.541357852736628,53.37099082449052,50.3342002317849,1
Plant_209,26.545143058918143,45.97394728200307,40.30412954215269,1
Plant_210,36.558194471964164,77.4957674318694,44.98937108135031,1
Plant_211,26.7126715320795,47.56136764608715,26.243883990454236,1
Plant_212,28.406696920541798,53.07094802204092,54.0677298953305,1
Plant_213,27.86200529047961,52.81592734430802,58.234995934851135,1
Plant_214,26.954173753917395,68.94924376944441,38.218645007503795,0
Plant_215,24.054192266078964,57.05050321707972,37.94936778360748,1
Plant_216,27.276907661479804,72.47742072673734,48.98817344478073,0
Plant_217,22.681524356387285,53.26509375756132,38.44920395939107,1
Plant_218,24.289544179779973,62.78994162223802,44.008010780612665,0
Plant_219,23.54390935651269,51.64652946740243,76.49582683749773,1
Plant_220,25.245622418158966,81.45149127773388,41.29461448881005,1
Plant_221,31.943975700020527,48.12401580970487,39.62489771968167,1
Plant_222,19.398204422224758,63.09820710227027,35.286872915472614,1
Plant_223,27.058780571123542,66.33776880932099,56.16287957249905,1
Plant_224,20.161852386431043,64.13799097451498,42.28163740172845,1
Plant_225,23.5842044026317,58.147123411222914,35.25940442517861,1
Plant_226,28.2668517909021,58.70179300266574,64.81956048409518,1
Plant_227,25.19284005728639,60.438114719791095,66.29404506770456,0
Plant_228,21.76676566621208,58.529979983715116,35.99364651391942,1
Plant_229,22.854088872220096,69.6387911679491,17.001900729590755,1
Plant_230,27.038793246804026,82.10523001591352,60.11270534755383,1
Plant_231,22.80890010484859,54.425082149921664,34.73055261359994,1
Plant_232,25.649375768745923,46.301970204209226,56.85938398744153,1
Plant_233,25.13671551971144,59.117179516487454,15.448442734322466,1
Plant_234,23.04519895718255,85.79709337654319,58.38896007448964,0
Plant_235,31.431832267975977,51.963254320302696,26.83242106078828,1
Plant_236,26.901757066954033,76.39116805444067,55.96146178599787,1
Plant_237,18.924572240027178,76.77700814076441,45.21409601754651,1
Plant_238,25.559362944308283,54.46411758292005,30.690908709050326,1
Plant_239,23.014640605694836,65.68983079185276,38.894455306098294,1
Plant_240,27.557300004388672,76.28396623128538,55.294776854350516,1
Plant_241,22.622437784701898,56.20872259012513,46.58841679672852,1
Plant_242,24.655790675599302,57.964196398976384,53.766194707087266,1
Plant_243,26.51496183694137,54.18319086051356,74.64660876773229,1
Plant_244,27.597265582510364,49.852432693071336,21.53637582433423,1
Plant_245,21.39911077883267,53.50722454933993,69.25818862452937,1
Plant_246,23.996496292477154,47.760597332377436,46.565339062848196,1
Plant_247,23.575164066517132,60.34083468259226,31.51823927515308,1
Plant_248,23.040012302278864,52.30026768941358,25.04529561391515,1
Plant_249,30.29636272084329,62.33785911790748,42.163194138344494,0
Plant_250,26.214945132882868,44.44104353796373,58.82475167886689,1
Plant_251,21.217348136994865,63.30880232214457,43.08676319433699,1
Plant_252,27.753585841164327,68.33528961608924,67.66732395371021,1
Plant_253,31.3664685910379,40.062643574285445,23.232364649226618,1
Plant_254,28.09739578165344,63.74056569847572,44.81866578230918,1
Plant_255,20.44189010213796,72.27668992473292,26.214098333803214,1
Plant_256,23.547297781401245,47.90358981308795,50.45447823937452,0
Plant_257,28.800733447559868,76.72572386837703,58.30331085145951,1
Plant_258,22.876991603143658,64.19019009366045,38.6885730947842,0
Plant_259,26.331458284438686,52.949881442415915,5.936792150592986,0
Plant_260,27.32390216028801,59.44230922342294,47.98422220194742,1
Plant_261,22.21920858526575,65.58326912521723,51.55107827600264,1
Plant_262,24.8214239318146,60.760053914124114,51.06442132442547,1
Plant_263,15.276197979792782,65.38755992446369,63.53673287733231,1
Plant_264,21.92683707599713,50.79326406920634,28.934194805264266,1
Plant_265,24.242295545820518,61.69360824036078,55.20324158175674,1
Plant_266,21.25665045410545,45.8628550309502,62.88761268716962,1
Plant_267,29.897233911794906,58.887739386513,18.321186239902246,1
Plant_268,20.7095758661181,50.960923585352106,49.79477738878466,1
Plant_269,23.67986653990905,52.64470057410233,37.43730253488493,1
Plant_270,25.392221731858275,72.36093175210438,43.77715990347531,1
Plant_271,29.323819867198345,70.9131012059427,50.215147253075045,1
Plant_272,20.69241354646168,66.09138120907177,37.691571538296714,1
Plant_273,28.48949125646488,49.07687235327421,34.86437881257582,1
Plant_274,25.03069918305876,56.83591550305198,45.512286262320366,0
Plant_275,22.055474046856148,72.13097699979184,28.69131091705796,1
Plant_276,26.386310422789812,61.417169136399046,28.71262306672222,1
Plant_277,25.59717908672041,83.19329539981695,55.19059924434755,1
Plant_278,23.199349368523617,63.93317839394372,27.768089472620158,1
Plant_279,25.209406254970055,61.92049116490031,54.994687513638176,0
Plant_280,23.84405920941472,56.908835357974986,51.938869392809266,1
Plant_281,25.340552035753745,61.33540904782282,19.11289906814105,1
Plant_282,26.98639202356314,58.47530163619456,34.83653021496517,1
Plant_283,29.758050448436055,67.0810867668859,62.91164104571059,1
Plant_284,21.286553503519453,69.56702316794585,30.282517032904778,1
Plant_285,31.3991001239688,52.140105394920504,38.033936065359185,1
Plant_286,19.143736601432494,46.68767046442222,51.93091339877844,1
Plant_287,24.54464471489325,41.637946268967035,56.75085763923893,0
Plant_288,26.76495161945373,65.07991326912544,41.22691670933256,1
Plant_289,25.842975603205097,48.966333938261265,36.03734707962538,1
Plant_290,23.13190144053822,38.471094070475175,66.33554792547761,1
Plant_291,24.375633248928175,63.885786045309644,71.08349495696368,1
Plant_292,23.5209971960235,84.9299951743279,59.68287076172693,1
Plant_293,23.231905729167366,59.939290884601064,46.27977213847536,1
Plant_294,27.548806291063073,68.38490774451643,32.8760141753861,1
Plant_295,26.071046457895143,60.81829358547565,32.54333390165152,0
Plant_296,22.921271214218038,59.01110346808857,52.837711578986365,1
Plant_297,27.698799626299753,69.19076482987768,51.275973313330255,1
Plant_298,25.921898562629828,57.097254558113484,66.02397889419645,0
Plant_299,27.43858635651688,62.673923140719026,54.75675138804209,1
Plant_300,26.888886525770836,63.216978061960134,22.45379547360273,1
Plant_301,22.513014967233783,53.31909546356951,60.77921426584378,1
Plant_302,23.319456879409092,69.92042349536523,30.029090590283808,0
Plant_303,27.241880815369786,58.25040243304591,39.24043092071473,1
Plant_304,26.831110796300393,52.442548405071555,48.75300309377542,1
Plant_305,24.937295218107554,65.36509843570404,74.93501234675946,0
Plant_306,25.351982149926346,51.015320182089624,91.64877834008041,1
Plant_307,28.832994687365275,60.281811573691286,54.10084588704274,1
Plant_308,23.22528583349251,59.90881003355796,42.25205071919418,1
Plant_309,26.641292143510114,70.85895565831578,53.01758472720825,1
Plant_310,24.39342204269832,64.74698232879953,58.31483138810754,1
Plant_311,24.34695639031834,59.74973041254856,40.189985616642126,1
Plant_312,28.29633055596157,68.17766299200287,71.92817033868484,1
Plant_313,27.47624904696409,73.90207549017313,48.45106138787103,0
Plant_314,27.440528908001916,65.57810306351863,52.46614633637091,1
Plant_315,28.916436421462986,60.103526198433805,54.98886378081692,1
Plant_316,25.063011524898275,46.8816376764984,51.32379915921683,1
Plant_317,27.045858913884892,49.348863369246274,57.58410750704418,1
Plant_318,24.069199730219633,56.94775295645332,35.741202201796156,1
Plant_319,25.972499057465328,53.90487797840717,36.62547369080954,1
Plant_320,24.609570836896946,58.13028697014554,28.497686505424575,1
Plant_321,25.290987894978155,60.56649924897107,51.59251845930339,1
Plant_322,26.785471076310742,65.2969275435673,56.68404755268171,1
Plant_323,22.545337950299583,59.29501221940909,51.866592992278285,1
Plant_324,31.277161827056382,64.86501643826202,70.11738650021306,1
Plant_325,21.981947855500895,60.6447441481012,44.9160597175643,1
Plant_326,21.357434161636803,40.24533433646128,55.03112483388769,0
Plant_327,28.474332620500203,50.606646061812455,28.624486857910284,1
Plant_328,27.37498808188881,58.55912444278385,39.193504462883986,1
Plant_329,26.872359451156466,47.90305257158892,55.43306636348666,1
Plant_330,26.88503652779284,65.99928729996205,57.73653166114716,1
Plant_331,24.963259681459256,75.30750832343698,40.59049578503726,1
Plant_332,22.308236885542506,72.18761851697317,43.926011222129,0
Plant_333,25.22741367458118,57.86557129069792,22.23189379978786,1
Plant_334,22.968514865463664,74.90726136849952,39.64456198790086,1
Plant_335,27.925359200253254,61.486674572021116,58.35574745279679,1
Plant_336,24.558827855493583,56.629140288819606,53.628075241598495,1
Plant_337,22.523508409622465,53.8659733645906,52.50998582071814,1
Plant_338,24.03584247504102,56.975303135118715,45.746605307714404,1
Plant_339,26.238794362826873,56.118231814587716,45.105947379422645,1
Plant_340,23.308826341588077,61.70416222375488,35.09518290789829,1
Plant_341,22.533338813300706,61.60573981049865,55.482426303038025,1
Plant_342,25.731061634475736,60.03046020153415,51.314594165840845,1
Plant_343,25.73489971332617,64.3693816974635,52.38028271989199,1
Plant_344,23.47917047388661,71.90646274786342,37.10947735998629,1
Plant_345,23.58688508314503,69.49554135441323,12.699856201931333,1
Plant_346,25.69614981207291,45.151020315500965,61.45729067630543,1
Plant_347,20.655746975508027,34.46078865098045,37.81743815987394,1
Plant_348,20.777608676870337,69.34319911239274,32.058363539353195,1
Plant_349,22.844667336242694,46.33121301584579,55.4021836787099,0
Plant_350,24.35965854486446,57.75234598107316,39.11981040121306,1
Plant_351,25.932722696794013,48.298869739406406,60.89904576069932,1
Plant_352,29.426068650848656,41.9801956241998,54.25508924365046,0
Plant_353,27.572978869606057,65.41462728204787,55.253539848007165,0
Plant_354,24.520184410109717,67.59155160302647,24.510664331991986,1
Plant_355,24.942951376291933,54.2348959927328,63.179159780796006,0
Plant_356,21.992411906086573,34.0895770785509,48.91875796850784,1
Plant_357,24.944460592022832,54.53755551747517,39.460842911306955,1
Plant_358,24.134024083239584,63.91804005402547,47.15082701013377,0
Plant_359,25.968155681014267,45.21088431225871,18.3564715065252,0
Plant_360,22.518307169343032,61.83359919779156,51.12979217221006,0
Plant_361,26.558039542723517,59.846901508270044,29.559427377268925,1
Plant_362,29.598216739007732,65.79291499601088,24.709945712346983,1
Plant_363,24.67371955462943,61.19580368414153,22.164612206731633,1
Plant_364,26.205135166296824,50.26931059118444,61.69032562484888,1
Plant_365,27.07043197513334,71.96571501664491,35.561049094608165,1
Plant_366,23.796338584342493,58.4147042697303,68.00591564874749,1
Plant_367,25.67227744543125,59.72695460490068,36.96297805421553,1
Plant_368,25.037777202345385,50.667320409268044,19.3896306361058,0
Plant_369,25.293028295646494,55.567177488084894,28.252133400770113,1
Plant_370,22.6809706484336,51.15197285973099,63.537174300104084,1
Plant_371,25.073530522776828,58.27053940076577,42.66152733094999,1
Plant_372,26.493994873736348,77.11708480142343,36.77569055264099,1
Plant_373,29.353430823385125,46.28098857068643,47.40027338779181,1
Plant_374,27.87781247825562,43.86438602123259,52.52674104251317,1
Plant_375,31.45954737253467,74.71170327493608,61.76098223853691,1
Plant_376,22.697957311335852,57.90676322848134,66.7274884483939,1
Plant_377,27.616961910162033,53.309272613400836,39.60347031316371,1
Plant_378,25.550026017215057,70.39904687396077,25.109284708769426,1
Plant_379,31.56940879965302,53.94384460263136,38.79802258315086,1
Plant_380,22.575105143934547,78.26009713546937,48.90420759874329,1
Plant_381,22.480834473457673,66.7792587133927,30.543616106840837,1
Plant_382,23.201822063667933,55.120885918542974,30.642736276574357,0
Plant_383,18.62831282707058,81.57308213265503,50.15681822324828,1
Plant_384,23.422734934957717,53.94285076996662,44.270214726443236,1
Plant_385,22.722602015338907,67.42095372009307,45.4919549311738,1
Plant_386,25.451181359428624,62.99292580406492,33.62256997949896,1
Plant_387,26.025267927331477,73.01741289398798,41.54398928691349,1
Plant_388,30.628512517647657,75.61511196726853,31.136502835975435,0
Plant_389,27.85127151455815,60.320041490657665,58.3529761668718,1
Plant_390,23.26928903301279,52.46582129653817,60.52874002085629,1
Plant_391,22.304755985954927,64.59972142939117,17.30718206642859,0
Plant_392,26.47575751451952,53.22284630247894,31.05733709711385,1
Plant_393,21.039300378938073,80.13387247526623,22.552061173648813,0
Plant_394,30.49437629756306,61.36535331082737,35.249640983896526,1
Plant_395,28.538320362163862,56.34678448687891,43.748430453144586,1
Plant_396,23.592473043685885,61.84680305864909,23.25532170452205,1
Plant_397,19.860596412727368,46.52873710470303,31.172102803120303,1
Plant_398,29.061617122496237,50.28385961489349,29.940639418777522,0
Plant_399,24.656380464242147,72.00413907944426,48.10900994098416,1
Plant_400,28.713448935920386,53.43105721028604,46.04016505554375,0
Plant_401,20.216717023616898,49.5308901731806,34.1739366999412,1
Plant_402,23.201874931138683,65.36652752527286,47.65231308209097,1
Plant_403,25.01573109915455,71.85704154662997,36.79979873119102,1
Plant_404,25.140941781294227,67.18953310665067,40.9251733451092,1
Plant_405,23.649803585562267,69.96047685805816,70.10178135447805,1
Plant_406,26.868549797042498,52.43204911430539,65.10691577685522,1
Plant_407,21.797138711852217,45.78189333258156,25.506281446086035,1
Plant_408,24.57286154493612,75.01333651955487,57.44598626818762,1
Plant_409,25.360886895135696,56.77320161157864,57.170948317373885,1
Plant_410,26.543316502176246,57.49166983544953,27.776050668710724,1
Plant_411,27.13484463426667,73.28194141849058,57.28166465632291,1
Plant_412,21.626073724486393,65.5623000940066,68.06897877618829,1
Plant_413,20.397657487793133,64.55887772081607,28.16182790633379,0
Plant_414,28.83303046569553,81.65002344901083,31.237457684786044,1
Plant_415,25.996942035938776,53.564817696198574,60.26492200265254,1
Plant_416,22.75454039033034,69.27840128081237,49.07242966238472,1
Plant_417,29.653455926567567,60.570131248970846,53.27214412859285,0
Plant_418,25.347023902878576,62.68592278863257,50.10883824600745,1
Plant_419,28.53789155219148,75.28468426412532,50.86043881392216,1
Plant_420,25.202555444230327,65.07835756289624,25.102918075333754,1
Plant_421,31.18224377464596,65.38296079049633,60.70976559932173,0
Plant_422,30.266022527329614,70.72507337309803,62.5438498864166,1
Plant_423,24.253107554562778,56.350472704571146,41.559138838979585,1
Plant_424,27.914712852863065,51.607903326609936,44.34784575279206,1
Plant_425,26.936127848755444,49.55190805978967,22.03338746166417,1
Plant_426,29.105894672597046,40.33643410623998,52.71382134026752,1
Plant_427,22.105229618259685,80.56207129940321,53.58086162571216,1
Plant_428,27.05815437999532,48.96791634278317,44.067134745010335,1
Plant_429,28.175273460548762,57.78746376414228,61.86530039805754,1
Plant_430,19.723781540730656,57.23186700111079,39.98884153530089,1
Plant_431,21.450224462002673,63.07406697809101,53.469088888404,1
Plant_432,18.882303466719698,68.15737212539297,29.705034919618264,0
Plant_433,24.191779496666328,68.60473488359746,44.64671773688643,0
Plant_434,27.152626767387886,54.16922561431062,42.384686131457464,0
Plant_435,29.507071156288085,58.32878286213589,48.37961883061412,1
Plant_436,25.222284341259325,62.825799504882994,39.45709606749962,1
Plant_437,29.885846636713875,57.51308873816453,43.027911064924986,0
Plant_438,20.859695625355325,76.07345576019992,57.3907075716226,1
Plant_439,19.889852681934535,64.90974951638252,38.44853644142674,1
Plant_440,24.833356903310143,67.34877786049817,20.90134348891981,1
Plant_441,26.152196346817924,66.62881268667412,71.24375856308131,0
Plant_442,24.90191575571772,71.73473857485325,65.72181118035729,1
Plant_443,18.79767369988037,61.81021558703707,25.616059573415722,0
Plant_444,24.732639881461633,47.03168052044153,55.34561707867792,1
Plant_445,21.08659149848544,63.996879517526416,37.455378441729856,1
Plant_446,27.009017646490115,53.48643106208171,48.952308229965894,1
Plant_447,26.099794738290544,54.713833182502434,49.4133619352024,1
Plant_448,22.180360641017934,65.86364018755093,41.48388299525517,1
Plant_449,23.45839924798992,72.38283071433636,33.24351501620406,0
Plant_450,21.822359434333144,60.21271576736061,34.64188421525611,1
Plant_451,24.811962708180484,63.088330125989636,31.257121267781365,1
Plant_452,27.865426961503715,77.02214944635239,32.522666876543326,1
Plant_453,22.04282186099337,62.407531794885685,43.99232564925967,0
Plant_454,26.512139546553534,86.01683114180395,34.26360016333872,1
Plant_455,23.409227144882678,65.65509645631545,55.2307809856893,0
Plant_456,22.621381503212966,42.39237240844182,67.30869233003891,0
Plant_457,24.678908920136326,67.53341621104532,36.29920137944936,0
Plant_458,21.89427303274188,63.81158384882778,48.591067508030655,1
Plant_459,23.339052083958453,72.89752754082745,52.49527665454401,1
Plant_460,21.406366322233453,66.73181351269959,52.080034063789114,1
Plant_461,30.89417539874917,58.615440160162265,46.139329018741314,1
Plant_462,25.105790655915186,47.757017637106344,56.140236275395836,0
Plant_463,22.900823476022243,57.90976742713975,52.23373429020986,1
Plant_464,25.641939732202665,51.494795457907,26.43506366509053,1
Plant_465,24.66301585092751,54.19476550195277,58.0373409658391,0
Plant_466,24.33709120140033,65.88578404420609,58.30936255900113,1
Plant_467,26.842500100130277,76.69904504351406,33.550708437321276,1
Plant_468,27.272523130141916,63.94671529822981,45.56906753171403,1
Plant_469,23.40849655716842,48.04116937964815,55.24993489216604,1
Plant_470,23.27254527806596,64.4460266822014,41.86029270630958,1
Plant_471,24.17484490854507,71.96631486645651,61.09467071649018,1
Plant_472,18.094236505793248,53.90217095680618,80.45808741929042,1
Plant_473,20.454426813404343,58.65982833327082,33.210209510475266,1
Plant_474,29.100622802333575,60.14688194729197,24.284330952693377,0
Plant_475,29.93490314050385,52.151016869177596,49.55727893407314,0
Plant_476,24.252891881330864,66.4828043384386,55.823437576892154,1
Plant_477,26.7296708891673,58.79051851392219,41.53700439232846,1
Plant_478,25.93375046363061,64.19532443907028,66.79890994981551,1
Plant_479,34.236642425365716,51.125078221978995,24.920913004151267,1
Plant_480,28.35872473430373,55.62541699676589,55.393779345474165,1
Plant_481,24.6162472255577,67.22381357827771,35.9120876886166,1
Plant_482,22.133378678198724,56.27166847908233,70.79066859310944,0
Plant_483,20.18066103922728,77.26963851233405,74.88773029752177,1
Plant_484,25.61039090760167,56.003638143853976,33.500151183249784,1
Plant_485,22.73094776414709,62.24684725751886,36.7566429613713,1
Plant_486,20.73323887120698,69.3259083187309,57.89381830469703,1
Plant_487,23.060281347272422,45.816342670669684,39.19304025315728,1
Plant_488,21.755355989156815,42.39191188019224,44.318831731016424,0
Plant_489,30.061424905217695,44.74343685429905,45.38082630813615,1
Plant_490,27.64491927084835,72.62584103427182,16.204902657035156,1
Plant_491,24.976082076050147,54.481418541075534,44.79243380858644,1
Plant_492,29.43983241667008,85.58199285668252,34.654083389037396,1
Plant_493,25.232104922942856,54.357524013426115,37.60315766400342,1
Plant_494,22.41614739601521,61.84551303197037,66.65448005203221,1
Plant_495,29.56937223180897,75.42109952567876,26.152396585811154,0
Plant_496,26.616730131053977,80.06092888159122,57.19807780121966,1
Plant_497,21.888261537020632,80.61503576636397,40.81555604502287,1
Plant_498,24.428983965749175,72.08366230593143,40.80359747256249,1
Plant_499,22.373145239845726,70.24062525811462,56.85557844077567,1
Plant_500,20.85160080710699,65.92526949201184,50.10076941853336,1
Plant_501,27.778532642594925,67.78361076166638,53.55919495829296,1
Plant_502,30.72824992141039,54.488142836714665,59.52276990799292,0
Plant_503,20.804297278542577,51.81801116577693,40.030374252250155,1
Plant_504,26.688907710071714,59.96625542589048,35.81644898238375,0
Plant_505,23.04807229263452,58.298153774750716,28.722742101633028,1
Plant_506,23.53862384870591,55.46771950672725,32.61884205031567,1
Plant_507,23.222818227283394,66.96387447456715,89.23641637963088,1
Plant_508,22.40802769096055,69.5530520857051,63.6701937110518,1
Plant_509,25.14556488383448,60.884068862918475,24.73388450687968,0
Plant_510,22.507149650766888,74.77530081055262,25.163130648846447,1
Plant_511,25.811370477339516,48.58310885866495,52.22799092577737,1
Plant_512,24.849285671652588,58.06340540720282,53.2089719606695,1
Plant_513,24.28315585940077,52.831776793971954,53.233257529760465,1
Plant_514,22.277309013875207,41.3346338292694,41.175663096694535,1
Plant_515,23.269686008295,59.17319314157301,43.118186099956496,1
Plant_516,27.26617367747727,58.78252491616716,49.91819286239036,1
Plant_517,26.502751562873144,75.13449743242131,46.28839509439996,1
Plant_518,22.067334265604348,66.30811684554777,11.710494408786971,1
Plant_519,25.297996916287676,49.758131756707954,41.553005541372094,0
Plant_520,27.254161370115366,78.54092566334188,32.2289034860953,1
Plant_521,19.991784156635884,72.21033695525352,47.62817128362768,1
Plant_522,26.630080577139804,65.82097703468615,89.77888503905115,1
Plant_523,23.01212872316246,57.73515901150168,50.51222498211457,1
Plant_524,26.711796005779476,50.405607632765204,40.297054707414034,1
Plant_525,22.710222530372448,56.27793223928947,58.827022529658784,1
Plant_526,19.585353698006443,70.88748619704185,52.24031830813819,1
Plant_527,20.117372686350514,78.84586305934609,51.30141735677762,1
Plant_528,25.144254839984146,75.43243528272188,54.10275889823507,1
Plant_529,25.779167505164445,55.11150578213726,75.84815347244312,1
Plant_530,22.287050124686775,48.80382566710989,28.036673470111264,1
Plant_531,26.915777376332123,61.40886246911204,52.104481152171815,1
Plant_532,20.01543981319312,42.31560634437149,31.104283050276923,1
Plant_533,24.80176060405805,63.23167714184781,53.33268969513372,1
Plant_534,21.36695140071263,58.52397413701331,31.219702327708582,1
Plant_535,23.044491676593523,55.33963498131758,38.73949779592373,1
Plant_536,25.142196013949242,44.05296932733204,40.57365128643141,1
Plant_537,22.418759904148143,65.13600106569717,59.63725079017064,1
Plant_538,23.846333367310525,54.672991603380886,58.77681665913621,1
Plant_539,28.018878427643322,48.30083164289712,26.314239353304234,1
Plant_540,23.269324391430555,31.277377867183507,45.824011664997734,0
Plant_541,27.507076336195425,59.724850949493636,34.35630217876241,1
Plant_542,21.610879436027147,77.72251596669744,26.122426339869982,0
Plant_543,26.589412533745847,76.6125921454787,41.74474424363444,0
Plant_544,29.3247058619737,55.429037434137285,40.3727581731627,1
Plant_545,17.585066499618133,53.97787939638219,81.40074729518284,1
Plant_546,22.60931423358857,64.68774256075024,51.49439738041044,1
Plant_547,26.73121638154162,50.016145608117085,24.33573748868644,0
Plant_548,24.39086384187102,63.01791899819466,36.52838993743587,1
Plant_549,26.113437620113928,67.6608027838469,60.32074943144097,1
Plant_550,23.18804443985254,72.26933223884308,76.32664159304888,1
Plant_551,25.259769362418698,58.99845923520047,21.210250316430624,1
Plant_552,24.53296829382376,57.96326249823034,16.801134222914325,1
Plant_553,28.50334618497942,51.22017413243439,73.06447763057673,1
Plant_554,25.76326252990364,51.7311964596014,50.84421266056356,1
Plant_555,26.012807986225607,57.73521108098473,31.975609021854503,1
Plant_556,23.764369101632596,63.67365506816178,53.01943629183653,0
Plant_557,23.53718132778252,69.13584626233249,5.463783914746834,1
Plant_558,23.702325436541138,51.96821049319655,45.050632598957414,1
Plant_559,26.18335642713489,74.92688568959522,49.91731759264628,1
Plant_560,23.737046557539212,57.28876398957431,58.86405209306744,1
Plant_561,25.869324570689237,59.78632705651564,29.791560715611936,1
Plant_562,31.226202395936316,52.527883208521764,46.28530742105038,1
Plant_563,27.613374110295076,35.75759739727059,31.11863060910619,1
Plant_564,24.021929403496475,68.8404539636105,48.830756335114756,1
Plant_565,28.603641766491833,67.36843897092433,31.569805164554637,1
Plant_566,23.775773880935347,57.18672442881787,38.87848741259669,1
Plant_567,18.88562639446644,60.66990717224872,30.062769078146566,1
Plant_568,21.97574106724779,65.159392177041,54.76704362735485,1
Plant_569,19.387624236922434,44.374541431134574,57.87676674984998,1
Plant_570,23.945459547876073,54.70947322653705,41.480691450638794,1
Plant_571,25.055255137568654,67.94264679621827,45.573569924400424,1
Plant_572,30.02931193682585,47.45710576830751,23.271128780496838,0
Plant_573,25.98078212129249,62.935579321666296,40.50485027989819,1
Plant_574,24.34269841357341,46.43418195376595,44.24693074437383,1
Plant_575,27.488216743550467,64.66429982433526,84.31189636544963,1
Plant_576,18.366594072976344,59.643585177025166,28.320494613387545,1
Plant_577,25.706843674325697,43.848681840944906,66.96265858128656,1
Plant_578,27.3125955816609,71.64739354457171,59.952881601987116,0
Plant_579,20.564241262660474,52.65408423201951,49.20954606735204,1
Plant_580,28.431262129620787,51.89747562985619,71.379307262927,0
Plant_581,26.015489222483243,62.00569197230943,50.581582089102945,1
Plant_582,23.754136258297596,71.48637349428715,50.83738793501893,1
Plant_583,26.898345598318855,49.841781810216034,44.20319020473682,1
Plant_584,31.81207857341319,60.61679849847972,63.35353323627941,0
Plant_585,25.545598765175484,64.28816500330574,61.447038507163256,1
Plant_586,25.744661758901007,66.93105607263143,35.614840687556814,1
Plant_587,23.621917301379266,61.76441555277225,25.211292081018488,1
Plant_588,22.450466891605625,56.329721609166775,41.955290439065145,1
Plant_589,27.491007449632736,51.724097793512804,32.99942153403531,1
Plant_590,22.4317485222734,60.86143883046375,44.04713138076967,1
Plant_591,25.214698711658176,49.27860988014393,63.56157202026209,1
Plant_592,23.56702765970465,30.78649516505393,38.14047517369815,0
Plant_593,26.436939477239175,64.36559804157667,44.35764928032638,1
Plant_594,26.000986315860846,69.03934841086195,45.87034102212593,1
Plant_595,28.112619832773696,36.37067564458162,57.72646323307927,0
Plant_596,23.469950803435758,49.90269295290062,11.296659990230921,1
Plant_597,24.190375194119888,66.19154261005198,35.89949557852055,1
Plant_598,22.06370885265308,80.574954697117,48.16925538419209,1
Plant_599,23.667120219771665,60.20793707675408,63.00118434640292,0
Plant_600,26.131901479134555,52.71997058770866,37.621463287406925,1
Plant_601,27.270965849936054,58.1710355889516,16.85170940937189,0
Plant_602,22.233504027467124,73.74876419148185,54.295671689492046,1
Plant_603,27.60881776031698,53.54035820875465,35.46956416761556,1
Plant_604,29.066913576414855,52.00807993349746,27.15500011364458,1
Plant_605,26.240304709671104,55.17256477817968,35.63481915430164,1
Plant_606,30.630387437674198,50.466713917412875,42.232119635162256,0
Plant_607,22.67863240268928,61.22670315994795,35.92883003192681,1
Plant_608,21.266035890065748,76.2467845846956,11.916509143513963,1
Plant_609,19.663839253287165,63.23079273116029,58.45599295330698,1
Plant_610,29.48813293446755,57.47646497873713,64.12312561918083,1
Plant_611,26.963096969062175,57.08188731084456,54.772829870092586,1
Plant_612,24.833245987268636,44.36809191303343,27.93471494362775,1
Plant_613,25.83990587895946,68.83109777147159,41.97762699078723,0
Plant_614,21.62353285810487,59.22162802987198,44.90218027155813,1
Plant_615,32.337255938850475,58.19520086409374,53.98191584342865,1
Plant_616,25.387663545925683,91.93107567844861,55.02510733077121,1
Plant_617,25.32818438381468,62.98752908365686,33.987393018322564,1
Plant_618,27.177299871696075,52.48208949904816,46.22993334620341,1
Plant_619,26.44302769521014,55.736424037944566,51.85920606922862,0
Plant_620,25.671652072837393,71.48445709196756,66.83733483220149,1
Plant_621,22.628576633664064,61.13270410537764,55.56759809737085,0
Plant_622,26.414405071407987,45.61722021682633,56.835850310632786,1
Plant_623,30.6460734894251,69.19228934575203,46.257399418940416,1
Plant_624,29.036260138464932,53.31855914461006,66.15688717805256,1
Plant_625,29.77955987991819,78.73297776217545,51.14644193939246,1
Plant_626,23.466352970706446,70.80048065714648,32.08368134739644,0
Plant_627,22.031185539224257,55.52678104341249,66.05054955187786,1
Plant_628,24.622639239701055,72.81016361735112,55.46854908808541,1
Plant_629,25.167174736866084,60.678555105274036,38.354339683072766,1
Plant_630,28.282574555412847,68.52773675122219,37.80760548901135,1
Plant_631,19.92260611085554,64.84732817294474,49.448633177111425,0
Plant_632,29.58865095838184,51.536433450091266,51.94777192901377,1
Plant_633,24.525976304263033,53.56450167682538,47.9593839844681,1
Plant_634,23.71935679015774,70.29960817581161,49.66963010164327,1
Plant_635,21.963686874219498,56.65224667893459,70.49936061864571,1
Plant_636,20.03542998440269,55.96351536758003,61.073147283523284,1
Plant_637,27.469511751885744,50.44877420650647,47.85953386897536,1
Plant_638,25.219953901565212,64.23599065593461,59.11965871151225,0
Plant_639,21.13011730077684,80.62524919243145,29.512141447086908,1
Plant_640,21.11476368380915,49.32467085745727,50.968905749202136,1
Plant_641,23.992645902129617,60.24219456672758,72.13959524599665,0
Plant_642,30.007064575868178,74.12220555415429,41.729311569114394,1
Plant_643,24.221225945909186,59.203586087542845,32.28549107071373,1
Plant_644,20.49057114064568,64.52371796249734,35.21866667110409,1
Plant_645,24.262770807742168,49.376064718531204,28.655504439864174,1
Plant_646,24.181829290756987,64.28307097207649,33.22857137808445,1
Plant_647,16.909340071175286,58.12855734995451,39.442378521149564,1
Plant_648,24.837115400446564,69.85729995679863,23.916494712320368,1
Plant_649,24.307196409373965,71.87386051564751,45.234275009244044,1
Plant_650,27.088619094440254,85.89563642018614,58.53415760679971,1
Plant_651,30.546868284836037,65.79633173213576,31.383657297796194,1
Plant_652,28.379695088643274,63.257963165821664,67.78925885462652,1
Plant_653,24.19333392833551,61.94384301577336,52.66188132791392,1
Plant_654,21.68042227377499,56.46833707189312,60.45870878436086,1
Plant_655,32.72007940974958,63.38483843461691,35.132481692217944,1
Plant_656,25.177655302043465,57.04598589860971,57.81787840599924,1
Plant_657,25.041787875738837,61.68460976269614,28.620991494070303,0
Plant_658,24.92762473866999,73.17597535607959,58.35371251254763,1
Plant_659,25.594254282303567,49.934574347203586,47.577590096902966,1
Plant_660,24.566918764228173,71.39878561129045,53.29876829977175,1
Plant_661,23.27901397935929,73.17115067339866,27.366080915627226,1
Plant_662,23.359423176278824,58.81931473008921,31.57395236585093,1
Plant_663,24.901740189352005,38.78145100991405,53.958423273800776,1
Plant_664,23.369725686598706,53.921780129055676,30.77477993663699,0
Plant_665,22.86146265196851,72.96994546561109,51.94809438148685,1
Plant_666,25.31929068307569,59.77131937701118,24.492932903096314,1
Plant_667,24.235068347737435,50.00697767705089,57.72261319000002,0
Plant_668,29.511978965748064,54.95225078771782,26.512150278472365,1
Plant_669,17.047090574820963,68.40620026504553,53.28449906519285,1
Plant_670,28.274520555767385,65.4673356820138,54.38446400469002,1
Plant_671,28.738255577492886,57.61067900830306,34.54842272355638,1
Plant_672,18.779829302775553,56.33175588185313,53.7303985062709,1
Plant_673,23.971937217758953,56.08241850956178,48.90663395000334,1
Plant_674,23.885677402012625,50.77589815501497,36.91737215710893,1
Plant_675,20.777464915846537,76.15375689469442,29.871679738856876,1
Plant_676,22.666549937227373,56.7767953078866,15.560614624911313,1
Plant_677,21.668272463602513,72.17158520825497,50.244750709495406,1
Plant_678,30.256811330270867,75.21316051922452,21.52795842956917,1
Plant_679,27.807035179442384,69.9831089814796,46.430162991619625,1
Plant_680,28.814665284982475,55.683796872819514,41.048276758766264,1
Plant_681,27.165016192129706,64.03730090336609,55.18714163157293,1
Plant_682,21.61284468634831,59.758043936090836,40.469317507652036,1
Plant_683,23.42643920116068,50.96298139269872,40.05828320479363,1
Plant_684,26.468123683683753,63.24359281721603,55.97806056432444,1
Plant_685,21.333616573324164,48.20960208840198,50.02587043626176,1
Plant_686,27.138995290517165,71.87679388461564,49.74233935774167,1
Plant_687,24.279023805525593,55.35382702701607,52.03901384712789,1
Plant_688,23.875537577351206,62.01159655872839,21.966418151893414,1
Plant_689,27.132879904610476,62.83287871546142,56.35183019980473,0
Plant_690,26.33278993445812,57.410950262959226,54.187031910204034,1
Plant_691,23.91710150254276,65.86693801475275,29.749753071352544,1
Plant_692,28.477989410092743,55.25096343377476,41.33879289488698,1
Plant_693,21.75681001720031,68.71297297457244,44.41039068558553,1
Plant_694,26.84780682083279,46.54020319753251,42.98254823397401,1
Plant_695,26.779303773905152,61.26379579546412,50.00789949852802,1
Plant_696,24.071360682058028,79.38928999058285,66.47050172746775,0
Plant_697,25.978399066726354,49.99668675394425,61.22650091509243,1
Plant_698,21.24665927084409,53.222550294751485,25.316712098528907,1
Plant_699,27.772081057620703,65.13907849658915,54.33104985459073,0
Plant_700,24.44529359067103,61.79581781939598,64.93399979303115,1
Plant_701,23.431830938442882,63.50630099273559,50.80212781033804,1
Plant_702,28.147027677510668,64.89187130147664,61.3647063777895,1
Plant_703,22.886968928371722,66.3472146856177,75.18405668551148,0
Plant_704,20.77461611090932,71.09699841956223,60.35564319160472,0
Plant_705,20.330112479428287,64.09818656928513,48.739628934625934,1
Plant_706,26.81802985403692,57.58742345381457,60.676327111271306,0
Plant_707,21.15871194251115,66.72573701202731,47.173317496453365,1
Plant_708,30.264382545953094,78.99881934895215,45.35854564927433,1
Plant_709,18.754211776348832,58.67366253617426,39.72878646429401,1
Plant_710,30.089369104870116,50.254706953293585,68.45120038248163,1
Plant_711,25.633052401607856,71.07080669286972,32.72357001086998,1
Plant_712,24.709860664388824,58.796188360464015,67.98551587017174,1
Plant_713,23.36524273957315,38.27330453985964,52.49796185610557,1
Plant_714,26.197408343056214,68.47421677150422,24.01040737797088,1
Plant_715,24.887095892725455,54.64671814046077,50.51473939487133,0
Plant_716,28.309905646049565,59.094667176958396,13.49960238522564,1
Plant_717,25.34268294598612,63.319803305690144,54.382620252465536,1
Plant_718,25.450905284385634,61.904996797790666,58.278472244834866,1
Plant_719,23.90916336335843,67.09451817139039,36.1146606652192,1
Plant_720,24.829163128836797,55.645136294301565,46.85321543933374,1
Plant_721,25.923405306676177,65.13105798176083,74.31236150625429,1
Plant_722,19.869494822030124,57.40453322416083,37.41379943607095,1
Plant_723,20.955443733682863,67.38810480887503,29.11638619415099,1
Plant_724,27.229792282068146,66.15367484013053,67.22495103693899,0
Plant_725,25.512596314383824,50.645612979554045,74.43880785796192,1
Plant_726,24.448049990941964,70.85982116175032,45.05543507771771,1
Plant_727,25.05530179919618,54.64036554885952,60.171945531125345,1
Plant_728,26.042745116085012,68.08057798281145,65.12213873296321,1
Plant_729,23.380720959071915,63.67287313401341,33.86273651192424,0
Plant_730,22.665085823793063,78.38183676795123,37.72041246948198,1
Plant_731,25.587535765293044,57.76534017628148,63.463117697321024,1
Plant_732,22.064881667154904,56.506832038818025,70.27521418062764,1
Plant_733,26.224758267143415,59.805803941122676,53.44321290261532,1
Plant_734,19.89224918728648,56.968202171657246,31.802784697469185,1
Plant_735,28.087466911976932,67.9994190194205,74.80591667549162,1
Plant_736,26.41779244723913,43.83689391563412,37.03543653282053,1
Plant_737,25.768089202941628,49.46317580853646,39.97293328242822,1
Plant_738,27.948072951836544,49.32197078420807,50.135067517344325,1
Plant_739,29.99642333338773,69.50307591973575,68.31240631072161,1
Plant_740,28.043110195054393,77.10613372581925,57.80963964828335,0
Plant_741,19.477377306005064,58.955507814625285,51.222982505428654,0
Plant_742,21.161269099792896,58.311782768099896,51.94932795177159,1
Plant_743,23.125544266912964,60.700521631131814,45.65272002965199,0
Plant_744,25.0782731506325,71.6187830260819,53.37209271777759,0
Plant_745,26.55297706140737,50.72646865809426,7.056598834585458,0
Plant_746,22.822768560539604,62.38368982734785,40.55088811395302,1
Plant_747,25.560300293431236,69.7519762978243,48.61982902375171,1
Plant_748,22.73385120294003,65.01094169939846,27.734788745707394,1
Plant_749,23.165446591024157,61.89581616598743,50.7948497671734,1
Plant_750,20.78001670945533,70.01046092567141,41.932931685208175,1
Plant_751,22.23030026166729,32.967677070007625,71.33213547473235,1
Plant_752,20.944946183151,66.77875319530908,68.59529587822284,1
Plant_753,22.072380241068004,53.45924316872576,38.012916463227555,1
Plant_754,28.160925389823518,41.69367103143543,42.73743432649957,1
Plant_755,22.15180333350417,65.11202599524981,43.89078651587411,0
Plant_756,32.897146194512175,73.73658545162958,38.22510785760566,0
Plant_757,26.479953702642668,58.62551485372308,47.9253747604219,1
Plant_758,25.554508371084623,69.52874547202939,33.625768966686145,1
Plant_759,22.42492665945636,76.12278257988646,28.040769975937106,1
Plant_760,27.100929638226972,73.14914453584048,54.34066835850403,1
Plant_761,23.27308652128668,76.39964529371393,54.442943763327165,1
Plant_762,25.366029443936085,67.42127491071892,32.93526360510012,1
Plant_763,32.68025361480638,60.754336389015926,58.430331461438996,1
Plant_764,24.71182030082605,43.980341881028316,35.52633406252003,1
Plant_765,28.447819978857027,57.53937511870051,48.797478570569716,0
Plant_766,22.89047072462234,51.567534046838084,57.30516018918684,1
Plant_767,24.895034528509115,81.70942717497815,44.4958115294443,1
Plant_768,30.31240190690653,58.24114187567663,51.821113682117016,1
Plant_769,23.119098826636698,61.23204806784486,37.25355534168642,1
Plant_770,30.437345673990787,65.51485376040468,42.05300124857854,1
Plant_771,27.123255806366426,60.436024463724536,41.9121085367949,1
Plant_772,23.312599672317198,76.95051040430752,33.80132480189641,1
Plant_773,26.897223217166562,53.77350638265548,42.348387553263265,0
Plant_774,27.91766334888019,61.94607455237243,21.7707255170438,0
Plant_775,26.86542988665159,52.57529414301952,37.63269379286843,0
Plant_776,20.28932584032863,46.79977488779294,40.726867599454934,1
Plant_777,22.818588472525395,53.882309090947146,41.1573037125693,1
Plant_778,24.257444093345487,59.62963202951588,41.377538311938316,1
Plant_779,24.776699712699862,55.7069777548274,44.073537002098064,1
Plant_780,26.862016292652033,53.07579020126144,52.19162277129096,1
Plant_781,25.533103002799763,45.93682536328166,58.11775611198784,1
Plant_782,20.993966923869696,59.16894427371305,35.25352159727599,1
Plant_783,26.14059355301789,44.952796259689975,26.951987169162834,1
Plant_784,26.83175723585147,67.60055963689602,29.369333816353453,1
Plant_785,26.679371343793118,60.824397529345035,37.69195618207609,1
Plant_786,28.242342176663865,45.4244850053507,39.72118023275236,1
Plant_787,27.50176646364671,56.907909229501364,33.45005900703814,1
Plant_788,26.37754023768531,52.478435944094166,25.558250036251582,0
Plant_789,24.78950286562406,63.1917451041918,38.15818758788718,0
Plant_790,20.017117199452024,73.40450446023145,47.72139930170957,1
Plant_791,26.288854657397756,41.248275303542556,53.925441987533475,1
Plant_792,25.623063061489333,61.150260791474174,36.63865420337518,1
Plant_793,25.81473651158612,58.398672044333594,38.80503266784849,1
Plant_794,21.169754272539073,66.71340076450466,31.09952536729034,1
Plant_795,21.756830378775213,62.131966282376894,44.528412444378354,1
Plant_796,28.15945855999871,52.48030668261181,32.27357048713778,1
Plant_797,24.881334538430036,56.80946064333382,53.596917198618,1
Plant_798,27.044502092117874,52.03974143196511,18.212002620988333,1
Plant_799,25.084955128391382,70.76007138598598,39.60555491321306,1
Plant_800,25.089268418487237,60.21311648671942,49.51661008787613,1
Plant_801,27.814851417927994,79.01190685753008,47.757517744837564,1
Plant_802,23.45186581534788,59.39339186185379,85.39550495970745,1
Plant_803,25.28836233082295,52.91593233089537,50.24700036851861,0
Plant_804,23.613174133884872,44.862856073871725,29.939181047369846,1
Plant_805,23.696511317703052,41.96860323744055,43.5680362936639,1
Plant_806,24.072483629594082,44.158640569945106,18.356304998003225,1
Plant_807,25.666401314901137,62.67126651011483,43.791003760548584,1
Plant_808,23.563754135009567,65.08725023229934,32.50415914498862,1
Plant_809,28.767268376720562,44.188092979678665,58.730854133402424,1
Plant_810,22.316178093341488,68.95038314076115,36.756895881066974,0
Plant_811,24.43938506751592,55.1693894831656,43.2485112630713,1
Plant_812,23.680806825177477,61.467930119855495,35.46663237893395,0
Plant_813,29.3409336530612,76.12220628255425,71.08277027779997,1
Plant_814,25.589664329534724,68.96839315865532,40.18135850823133,0
Plant_815,28.095533618405906,57.314693520941674,72.48835565218803,0
Plant_816,20.543318880889082,51.08807774584713,57.212276431774,1
Plant_817,25.801150797607775,38.48184598670695,52.231000910030794,0
Plant_818,27.66889238687031,52.8084668075758,50.530997209762795,0
Plant_819,25.246851967826274,57.88869761172305,50.906959473243774,1
Plant_820,28.196441125196053,50.12820472848816,16.08491130981585,1
Plant_821,23.448134649698883,58.68743032907695,40.81674908773865,1
Plant_822,29.22804232055674,60.768518829587684,57.67736956776483,1
Plant_823,31.89669437085775,57.751440181919214,44.26654224788842,1
Plant_824,23.911484318681023,53.4999741917654,23.922152297946376,1
Plant_825,23.663492435797686,61.68654671966728,44.213933241337955,1
Plant_826,29.360153431353105,64.41940649569409,70.56158274383236,1
Plant_827,29.73871643719214,49.096009225571535,63.70337573302079,0
Plant_828,23.431419918540193,74.10932379746271,44.069939859509525,1
Plant_829,23.73943954871243,59.014118677157384,59.2717391558713,1
Plant_830,24.154646173418477,60.188496229448475,39.50239469447922,1
Plant_831,20.96664846689717,67.08214423256557,19.441926197599216,1
Plant_832,22.244044160547404,62.332161312635016,31.133010178056686,1
Plant_833,21.987577699743795,69.53136633913245,68.44333152762297,0
Plant_834,22.696607304687614,62.87124165201824,40.89010377256044,1
Plant_835,24.895945337839656,53.87562625359562,41.34924030937473,1
Plant_836,25.702644197609562,63.61503525206102,40.502427055876794,0
Plant_837,29.65150147844223,48.56273792679338,73.56204884359511,1
Plant_838,22.004937877783625,61.085597057765234,69.38938373043095,0
Plant_839,27.95296719542975,59.66770009355539,78.281703501722,1
Plant_840,24.358033467323473,57.918831427274604,42.61432184399923,1
Plant_841,24.8516088710427,58.71462488561069,49.434367331206424,1
Plant_842,27.02445847649981,41.18150954502361,22.250361758688133,1
Plant_843,21.631833935313104,54.512750922590385,67.15401639177412,1
Plant_844,26.147229238552153,60.928449011411146,27.483306730980974,1
Plant_845,25.49935662463917,61.598563919974005,48.251633456439436,1
Plant_846,26.47735379202445,49.72324859074042,28.54046208550734,1
Plant_847,25.867505931723453,72.65707840864701,36.16699759891956,1
Plant_848,32.36590041973268,51.33825151785499,32.441063534254496,1
Plant_849,23.08678004724605,69.69457200526736,35.881871089862734,1
Plant_850,23.407009134994546,64.27194361871685,36.91315945276532,1
Plant_851,23.13057842072571,53.53772690156197,36.775968076123846,0
Plant_852,23.333568642519236,77.75310892609512,57.50000867670461,1
Plant_853,23.087838618080447,48.0636316824352,28.427058104062198,1
Plant_854,28.567049593322654,69.19154173610002,48.308121405208006,0
Plant_855,29.261512743969565,70.00582318042979,63.269387284583374,1
Plant_856,23.287761118751572,53.293797909233554,37.30205453229906,1
Plant_857,22.502933280687316,73.92465300064329,34.23121663878597,1
Plant_858,26.414246669159212,57.49953485401047,41.542130622296234,1
Plant_859,23.343330867157086,62.88693629279857,62.69587812541065,1
Plant_860,26.898795453266533,62.603218387712204,47.911614464300364,1
Plant_861,25.6087690625539,58.65691258529452,37.03178558088602,1
Plant_862,20.452767655008305,68.10808273159782,52.2581497678206,1
Plant_863,29.642515603990184,67.93488720552213,28.46561775245365,1
Plant_864,30.387633019286564,42.51468026761819,55.22039265664422,1
Plant_865,23.16163392854684,73.04340242878152,51.12910961552652,1
Plant_866,23.83689532019205,43.37508011964326,40.38287293291674,1
Plant_867,25.857596172174716,70.32546204341658,32.421213023291536,1
Plant_868,26.003370369961075,71.26705136827583,31.69978616574814,1
Plant_869,26.97563281801849,49.09033569784802,53.02226004518865,1
Plant_870,31.03061361629905,55.891857120454155,63.434707537335925,0
Plant_871,24.469158317517852,48.94295331514064,35.44038379456808,1
Plant_872,22.60510826638464,57.850789697112646,51.87580055327226,1
Plant_873,20.86204231595642,56.919657158142584,13.694594720968968,0
Plant_874,22.80720988017424,67.7966053226934,36.23073404014201,1
Plant_875,24.900619081378608,73.10308746119608,44.53411600693647,0
Plant_876,30.383673590553364,73.95683810789956,31.354748745272495,1
Plant_877,23.447166102891487,54.37831973421698,30.95240437815606,1
Plant_878,25.671363854916695,57.90778126255472,34.983306652966704,1
Plant_879,24.950731311781745,43.1656180777905,49.3828909248956,1
Plant_880,28.56517982034425,51.94129933503811,42.19006472390438,0
Plant_881,32.58079727762087,69.64851633097457,11.42653150012542,1
Plant_882,23.40739368123904,76.15582823548232,13.189497710474008,1
Plant_883,23.531681672445334,47.65651128120078,35.89702233214237,1
Plant_884,28.132482631207218,54.075357408471056,51.86529879080328,1
Plant_885,27.045674468878936,59.73594243041073,3.78742735912148,1
Plant_886,30.540121977208102,62.80161158819607,37.50404735772554,1
Plant_887,26.751784555977892,51.90396480078354,37.106282152238684,0
Plant_888,23.922123727638823,64.2406104446409,65.82506667312671,1
Plant_889,26.77196449207693,55.26160652929084,39.22467282430705,1
Plant_890,28.326110741748725,59.855477291217206,50.74483477111393,1
Plant_891,27.461446543592093,65.462842480037,47.118857101311946,1
Plant_892,26.521822093321894,60.064222698109376,13.04150280289199,1
Plant_893,28.200024068767462,55.63614109473431,56.52310824947606,0
Plant_894,28.50788677133702,58.90390196074169,48.23094758184432,1
Plant_895,29.14647697311258,59.11637040794665,52.62402959511884,1
Plant_896,26.94612966276893,56.29988970117872,103.8935655965449,1
Plant_897,24.498645759049438,57.41203937332897,13.738305907521173,1
Plant_898,25.440141059299968,75.98647170504717,70.87044974641663,0
Plant_899,28.61952689952507,65.6091944794124,40.688287208994666,1
Plant_900,22.549192987038293,57.045196819708394,49.30993356604514,0
Plant_901,26.106019926618703,66.96954404510736,44.31731632048137,1
Plant_902,23.819983563017917,56.6618051024399,38.63645499902935,1
Plant_903,25.086234468804452,71.73124637586642,36.452506076418615,1
Plant_904,28.835355587821894,63.69642192198094,49.942631033595134,1
Plant_905,25.57329720405971,58.92697855995771,22.242394549924814,1
Plant_906,25.139309644468447,64.47716925810278,56.258687512826484,1
Plant_907,20.920431577060242,44.291238479315005,38.757083926721194,0
Plant_908,27.238760698081663,48.73232531090195,28.048959914394633,1
Plant_909,26.936452543423226,48.060749936009444,38.24980713006279,1
Plant_910,31.48976416991638,61.429430947637066,63.85723825293859,1
Plant_911,24.076665295140998,77.32514999485092,36.96997369475665,0
Plant_912,25.65745098299182,82.31300146192632,50.3768042731443,1
Plant_913,25.748151051132265,66.38051101440757,34.0356558642679,1
Plant_914,29.732359839290424,65.00844474944456,56.368827748854294,1
Plant_915,24.714113402839143,41.989422658472606,55.282616081853064,1
Plant_916,25.83706457731102,54.57326200265978,72.72913249944617,0
Plant_917,26.82368952914962,52.12216248091761,42.36654081751177,0
Plant_918,25.559827369469076,53.79152401748884,55.0298220713686,1
Plant_919,23.660699156348414,58.318561814152105,46.47101309308417,1
Plant_920,25.582269978694924,55.27909422302873,64.43807672794522,1
Plant_921,28.220895249579314,40.20700189624212,34.21751418586904,1
Plant_922,21.92045410176682,67.47910256117534,56.17507969315922,1
Plant_923,25.398909022440627,49.27256974260193,42.079540558249775,1
Plant_924,22.89963755518248,62.39246864111149,44.037177343372534,1
Plant_925,28.585139886774527,80.74082669749973,46.37628726672559,0
Plant_926,20.430439285648674,50.80615408413577,48.78360594640016,0
Plant_927,23.323234458185233,34.697124772536704,43.256564353170624,1
Plant_928,26.131635625193564,57.139957781198895,48.22069774755789,0
Plant_929,29.69657208770302,71.00959634998571,68.67177086343277,1
Plant_930,24.802749216781038,79.58347454220593,59.78174528422828,0
Plant_931,23.334401419920404,47.70450405547583,58.03731888745345,1
Plant_932,30.64347120832177,64.96699223236521,38.16690710964194,1
Plant_933,20.65595829875127,55.34689543219947,31.661387576575137,1
Plant_934,18.403582130139753,58.94051645695864,59.32950837356629,1
Plant_935,26.32004335016,86.44343347017035,58.14070188794692,1
Plant_936,23.493837326942167,44.970296716048466,67.09006013626473,1
Plant_937,21.93630154860786,62.537396614945735,35.94029061046156,1
Plant_938,27.12506934189806,64.67693171765433,41.55677016959479,1
Plant_939,25.731402141313595,70.85786324939347,20.407737562118488,1
Plant_940,23.307764107789815,60.97983153470896,39.11293340908691,0
Plant_941,21.159086803987318,63.08050539504102,59.94855765869171,1
Plant_942,27.617371984840435,56.08351432578209,38.002569311577034,1
Plant_943,26.950603533875984,62.69126941245107,54.60719692801236,1
Plant_944,24.70247240866185,56.5680772450259,42.14245341003283,1
Plant_945,30.539910988143,66.21571889856051,49.86085542332341,0
Plant_946,21.78974570102154,56.30389663956366,27.78462915276499,1
Plant_947,20.423424487225784,63.77100393902187,46.27814174450852,0
Plant_948,22.924275790356266,59.707371863150215,0.13296043648914946,1
Plant_949,24.863241950933507,71.26050250772168,42.19655762757023,1
Plant_950,25.730018347968077,59.48606276411514,20.5429013442729,1
Plant_951,24.27629182643101,42.26967531793119,63.08991774820224,0
Plant_952,26.05616618954289,72.61921500713991,56.661110291467665,1
Plant_953,21.24538172742867,50.94267699137381,52.000064729491214,0
Plant_954,29.331293812219776,53.4623366135118,67.8150934073907,1
Plant_955,24.753546464822293,54.04338705956508,30.766252187627444,1
Plant_956,28.351887494764384,73.74438093170818,71.21044796873338,0
Plant_957,26.02817603913311,38.64325786021304,58.98287346390577,1
Plant_958,26.37025965746135,91.37748533659993,41.45167069171581,1
Plant_959,26.70930184069661,70.56056809066052,62.03430220774416,1
Plant_960,26.343125680051944,62.2323891412916,28.40559731382549,1
Plant_961,26.92816827960263,59.451059993837134,32.632287577084895,1
Plant_962,28.987457590397295,62.85554074857657,35.8711541514045,1
Plant_963,25.589563509104412,65.21122428379338,37.06533437903977,1
Plant_964,27.127011272765536,66.45215585950056,29.15163535859621,1
Plant_965,24.73079291713832,65.55604466003449,63.34624600642988,1
Plant_966,29.32035164634842,60.895806812552486,41.117183994452525,1
Plant_967,22.97082309382219,58.02661579692674,50.28757452535319,1
Plant_968,30.402821298732448,58.487267163464885,36.44472950379479,1
Plant_969,24.87952614806697,58.05091719647319,17.69095049177224,1
Plant_970,20.707674693645856,71.33770096867065,49.05086037587133,1
Plant_971,25.38431324473237,65.93556722280861,16.316175368703348,0
Plant_972,22.95684502757536,30.596113653357197,43.97048930871797,1
Plant_973,27.521930646966172,66.55900776529761,24.475274417507844,1
Plant_974,23.04212806209283,61.94736194718775,74.80913998846212,1
Plant_975,23.66144970035566,59.81291243554102,58.67044083262083,1
Plant_976,19.331377807163406,56.11481546911114,46.5863068690722,1
Plant_977,23.64308104225277,71.24112719986013,63.95560016482003,1
Plant_978,17.72836202011313,69.47526462122858,32.305260338013966,1
Plant_979,20.24829152954283,52.27122332176391,53.1521906800514,1
Plant_980,27.281243968432893,64.07052287124534,47.9971565057807,0
Plant_981,27.357400475952495,50.28343265458714,48.96030122000505,0
Plant_982,26.276372685354893,46.203818352110694,64.08530250160152,1
Plant_983,22.09907157061236,53.73282775410035,55.98738154169703,1
Plant_984,24.85686593157406,68.62393472382759,49.330854942375346,1
Plant_985,24.989192382728294,69.53125045376086,20.176688456575558,0
Plant_986,21.52490593242237,65.13085420097293,30.599305570808042,1
Plant_987,29.510194905301454,67.25095786847997,43.15936599606414,0
Plant_988,27.632086871727015,65.16178287114958,46.40058561414977,1
Plant_989,24.337107478511008,53.585184047770476,28.04694412989114,1
Plant_990,25.080657516983592,64.31922544673941,81.17515013367631,1
Plant_991,25.625148423842656,68.00409525227683,67.74591082880359,1
Plant_992,18.87479539472713,67.54291329813574,54.03177480588725,1
Plant_993,24.25846785243821,71.88913371474644,46.08055291925617,1
Plant_994,22.954047256006604,67.08303847201064,41.81686545148273,1
Plant_995,21.995139970315254,63.51448207541583,30.721223099666467,1
Plant_996,24.156699121342136,70.70150238316427,46.16220777778294,1
Plant_997,30.393059580548567,59.7347874075094,48.86628810214126,1
Plant_998,26.92252858380103,51.18125348772282,26.373591367775635,1
Plant_999,23.28646303065161,58.36933036056236,50.01264625867346,1
Plant_1000,26.717748344068475,52.55097355193551,42.67111426762877,1
