concessionaria;nome_posto_prf;ano_do_pnv_snv;rodovia;uf;km_m;municipio;tipo_pista;sentido;situacao;data_da_inativacao;latitude;longitude
AUTOPISTA FERNÃO DIAS;PRF ATIBAIA F6-32;2007;BR-381;SP;47,399;Atibaia;Principal;Crescente;Ativo;;-23,191350;-46,585265
AUTOPISTA FERNÃO DIAS;PRF VARGEM F6-31;2007;BR-381;SP;8,880;Vargem;Principal;Decrescente;Ativo;;-22,917532;-46,431892
AUTOPISTA FERNÃO DIAS;PRF ITAPEVA;2007;BR-381;MG;926,318;Itapeva;Principal;Crescente/Decrescente;Ativo;;-22,768579;-46,210070
AUTOPISTA FERNÃO DIAS;PRF POUSO ALEGRE;2007;BR-381;MG;871,060;Pouso Alegre;Principal;Crescente/Decrescente;Ativo;;-22,397376;-45,959924
AUTOPISTA FERNÃO DIAS;PRF TRÊS CORAÇÕES;2007;BR-381;MG;758,460;Três Corações;Principal;Crescente/Decrescente;Ativo;;-21,690201;-45,349674
AUTOPISTA FERNÃO DIAS;PRF PERDÕES;2007;BR-381;MG;679,044;Perdões;Principal;Crescente/Decrescente;Ativo;;-21,120093;-45,095727
AUTOPISTA FERNÃO DIAS;PRF OLIVEIRA;2007;BR-381;MG;608,900;Oliveira;Principal;Crescente/Decrescente;Ativo;;-20,669336;-44,738065
AUTOPISTA FERNÃO DIAS;PRF ITAIAIUÇU;2007;BR-381;MG;537,700;Itatiaiuçu;Principal;Crescente/Decrescente;Ativo;;-20,209054;-44,390488
AUTOPISTA FERNÃO DIAS;PRF BETIM;2007;BR-381;MG;499,175;Betim;Principal;Crescente/Decrescente;Ativo;;-19,996602;-44,209103
AUTOPISTA FLUMINENSE;UOP 01 da 5ª DEL;2019;BR-101;RJ;27,800;Campos dos Goytacazes;Principal;Decrescente;Ativo;;-21,447613;-41,343120
AUTOPISTA FLUMINENSE;UOP 02 da 5ª DEL;2019;BR-101;RJ;78,150;Campos dos Goytacazes;Principal;Decrescente;Ativo;;-21,835839;-41,420620
AUTOPISTA FLUMINENSE;UOP 04 da 2ª DEL;2019;BR-101;RJ;203,370;Casimiro de Abreu;Principal;Crescente;Ativo;;-22,475444;-42,172346
AUTOPISTA FLUMINENSE;UOP 03 da 2ª DEL;2019;BR-101;RJ;269,050;Rio Bonito;Principal;Crescente;Ativo;;-22,715042;-42,679022
AUTOPISTA FLUMINENSE;UOP 02 da 2ª DEL;2019;BR-101;RJ;308,070;São Gonçalo;Principal;Crescente;Ativo;;-22,792949;-43,024864
AUTOPISTA LITORAL SUL;EDF 101 SC 025+800 S 1;2009;BR-101;SC;25,800;Joinville;Principal;Crescente;Ativo;;-26,190284;-48,912050
AUTOPISTA LITORAL SUL;EDF 101 SC 081+600 S 1;2009;BR-101;SC;81,600;Barra Velha;Principal;Crescente;Ativo;;-26,610073;-48,722579
AUTOPISTA LITORAL SUL;EDF 101 SC 143+200 N 1;2009;BR-101;SC;143,200;Itapema;Principal;Decrescente;Ativo;;-27,065953;-48,595563
AUTOPISTA LITORAL SUL;EDF 101 SC 190+260 N 1;2009;BR-101;SC;190,260;Biguaçu;Principal;Decrescente;Ativo;;-27,470479;-48,641028
AUTOPISTA LITORAL SUL;EDF 101 SC 220+200 N 1;2009;BR-101;SC;220,200;Palhoça;Principal;Decrescente;Ativo;;-27,695095;-48,661869
AUTOPISTA LITORAL SUL;EDF 116 PR 094+910 S 1;2009;BR-116;PR;94,910;São José dos Pinhais;Principal;Crescente;Ativo;;-25,526761;-49,140596
AUTOPISTA LITORAL SUL;EDF 376 PR 662+000 S 1;2009;BR-376;PR;662,000;Tijucas do Sul;Principal;Crescente;Ativo;;-25,853184;-48,977461
AUTOPISTA PLANALTO SUL;EDF 116 PR 137+400 S 1;2017;BR-116;PR;137,400;Mandirituba;Principal;Crescente;Ativo;;-25,741265;-49,317703
AUTOPISTA PLANALTO SUL;EDF 116 SC 001+000 N 1;2017;BR-116;SC;1,000;Mafra;Principal;Decrescente;Ativo;;-26,116157;-49,785989
AUTOPISTA PLANALTO SUL;EDF 116 SC 119+600 N 1;2017;BR-116;SC;119,600;Santa Cecília;Principal;Decrescente;Ativo;;-26,825977;-50,370947
AUTOPISTA PLANALTO SUL;EDF 116 SC 199+900 S 1;2017;BR-116;SC;199,900;Ponte Alta;Principal;Crescente;Ativo;;-27,427635;-50,410321
AUTOPISTA PLANALTO SUL;EDF 116 SC 279+000 N 1;2017;BR-116;SC;279,000;Capão Alto;Principal;Decrescente;Ativo;;-28,031477;-50,562307
AUTOPISTA REGIS BITTENCOURT;EDF 116 SP 285+700 S 1;2017;BR-116;SP;285,700;Itapecerica da Serra;Principal;Crescente;Ativo;;-23,690063;-46,862847
AUTOPISTA REGIS BITTENCOURT;EDF 116 SP 344+000 S 2;2017;BR-116;SP;344,000;Miracatu;Principal;Crescente;Ativo;;-24,029973;-47,178290
AUTOPISTA REGIS BITTENCOURT;EDF 116 SP 387+500 N 1;2017;BR-116;SP;387,500;Miracatu;Principal;Decrescente;Ativo;;-24,267563;-47,393229
AUTOPISTA REGIS BITTENCOURT;EDF 116 SP 439+500 S 1;2017;BR-116;SP;439,500;Registro;Principal;Crescente;Ativo;;-24,457040;-47,814402
AUTOPISTA REGIS BITTENCOURT;EDF 116 SP 525+700 N 1;2017;BR-116;SP;525,700;Barra do Turvo;Principal;Decrescente;Ativo;;-24,928686;-48,271991
AUTOPISTA REGIS BITTENCOURT;EDF 116 PR 055+700 N 1;2017;BR-116;PR;55,700;Campina Grande do Sul;Principal;Decrescente;Ativo;;-25,280180;-48,926204
AUTOPISTA REGIS BITTENCOURT;EDF 116 SP 287+050 S 1;2017;BR-116;SP;287,050;Itapecerica da Serra;Principal;Crescente;Ativo;;-23,700308;-46,869051
CONCEBRA;Posto da Polícia Rodoviária Federal - Brasília;2017;BR-60;DF;13,160;Brasília;Principal;Crescente;Ativo;;-15,928695;-48,167905
CONCEBRA;Delegacia da Polícia Rodoviária Federal - Anápolis;2017;BR-60;GO;86,000;Anápolis;Principal;Crescente/Decrescente;Ativo;;-16,320000;-48,870506
CONCEBRA;Posto da Polícia Rodoviária Federal - Goiânia;2017;BR-60;GO;130,100;Goianápolis;Principal;Crescente/Decrescente;Ativo;;-16,575550;-49,160788
CONCEBRA;Posto da Polícia Rodoviária Federal - Hidrolândia;2017;BR-153;GO;525,200;Hidrolândia;Principal;Crescente/Decrescente;Ativo;;-16,921267;-49,252163
CONCEBRA;Delegacia da Polícia Rodoviária Federal Morrinhos;2017;BR-153;GO;609,600;Morrinhos;Principal;Crescente/Decrescente;Ativo;;-17,626217;-49,177965
CONCEBRA;Posto da Polícia Rodoviária Federal - Itumbiara;2017;BR-153;GO;688,900;Itumbiara;Principal;Crescente/Decrescente;Ativo;;-18,290999;-49,238828
CONCEBRA;Posto da Polícia Rodoviária Federal - Monte Alegre;2017;BR-153;MG;56,600;Monte Alegre de Minas;Principal;Crescente/Decrescente;Ativo;;-18,867567;-49,066689
CONCEBRA;Posto da Polícia Rodoviária Federal - Frutal;2017;BR-153;MG;194,100;Frutal;Principal;Crescente;Ativo;;-19,920475;-48,961160
CONCEBRA;Posto da Polícia Rodoviária Federal - Bom Despacho;2017;BR-262;MG;474,500;Bom Despacho;Principal;Decrescente;Ativo;;-19,786738;-45,231728
CONCEBRA;Posto da Polícia Rodoviária Federal - Corrego Danta;2017;BR-262;MG;575,200;Córrego Danta;Principal;Crescente;Ativo;;-19,676310;-46,043841
CONCEBRA;Delegacia da Polícia Rodoviária Federal - Araxá;2017;BR-262;MG;677,400;Araxá;Principal;Crescente;Ativo;;-19,552848;-46,878542
CRO;UN 020202;2016;BR-163;MT;48,000;Itiquira;Principal;Decrescente;Ativo;;-17,090969;-54,760367
CRO;UN 020201;2016;BR-364;MT;211,400;Rondonópolis;Principal;Decrescente;Ativo;;-16,417169;-54,706667
CRO;UN 020101;2016;BR-364;MT;387,900;Santo Antônio de Leverger;Principal;Decrescente;Ativo;;-15,701369;-55,873669
CRO;UN 020402;2016;BR-364;MT;434,600;Várzea Grande;Principal;Crescente;Ativo;;-15,649246;-56,195049
CRO;UN 020401;2016;BR-364;MT;587,900;Diamantino;Principal;Decrescente;Ativo;;-14,532093;-56,230782
CRO;UN 020601;2016;BR-163;MT;733,000;Sorriso;Principal;Decrescente;Ativo;;-12,697762;-55,811428
ECO050;PRF SAU-02;2017;BR-50;GO;163,760;Campo Alegre de Goiás;Principal;Decrescente;Ativo;;-17,285666;-47,757327
ECO050;CATALÃO;2017;BR-50;GO;286,340;Catalão;Principal;Crescente;Ativo;;-18,222117;-47,972679
ECO050;ARAGUARI;2017;BR-50;MG;42,200;Araguari;Principal;Crescente;Ativo;;-18,693424;-48,181693
ECO050;UBERABA;2017;BR-50;MG;166,300;Uberaba;Principal;Decrescente;Ativo;;-19,703427;-47,985680
ECO101;PRF São Matheus;2020;BR-101;ES;57,767;São Mateus;Principal;Crescente;Ativo;;-18,648967;-39,873538
ECO101;PRF Linhares;2020;BR-101;ES;152,831;Linhares;Principal;Crescente;Ativo;;-19,422318;-40,077917
ECO101;PRF Serra;2020;BR-101;ES;251,846;Serra;Principal;Crescente;Ativo;;-20,096784;-40,339347
ECO101;PRF Viana;2020;BR-101;ES;304,768;Viana;Principal;Crescente;Ativo;;-20,382689;-40,459486
ECO101;PRF Guarapari;2020;BR-101;ES;345,206;Guarapari;Principal;Crescente;Ativo;;-20,658808;-40,613612
ECO101;PRF Cachoeiro de Itapemirim;2020;BR-101;ES;414,080;Itapemirim;Principal;Decrescente;Ativo;;-20,924125;-41,078140
ECO101;PRF Serra;2020;BR-101;ES;251,847;Serra;Principal;Crescente;Ativo;;-20,096783;-40,339346
ECO101;PRF Viana;2020;BR-101;ES;304,769;Viana;Principal;Crescente;Ativo;;-20,382688;-40,459485
ECO101;PRF Guarapari;2020;BR-101;ES;345,207;Guarapari;Principal;Crescente;Ativo;;-20,658807;-40,613611
ECO101;PRF Linhares;2020;BR-101;ES;152,832;Linhares;Principal;Crescente;Ativo;;-19,422317;-40,077916
ECOSUL;PRF1;1996;BR-116;RS;610,550;Arroio Grande;Principal;Crescente;Ativo;;-32,232360;-53,057921
ECOSUL;PRF2;1996;BR-116;RS;508,480;Pelotas;Principal;Crescente;Ativo;;-31,612857;-52,305062
ECOSUL;PRF3;1996;BR-392;RS;47,700;Rio Grande;Principal;Decrescente;Ativo;;-31,890948;-52,318425
ECOSUL;PRF4;1996;BR-392;RS;28,400;Rio Grande;Principal;Crescente/Decrescente;Ativo;;-32,059242;-52,270662
ECOSUL;PRF5;1996;BR-116;RS;524,000;Pelotas;Marginal;Crescente;Ativo;;-31,728165;-52,387854
ECOVIAS DO ARAGUAIA;POSTO RODOVIÁRIO FEDERAL PORANGATU;2021;BR-153;GO;67,000;Porangatu;Principal;Crescente;Ativo;;-13,406226;-49,131292
ECOVIAS DO ARAGUAIA;POSTO RODOVIÁRIO FEDERAL URUAÇU;2021;BR-153;GO;192,600;Uruaçu;Principal;Crescente;Ativo;;-14,469712;-49,156157
ECOVIAS DO ARAGUAIA;POSTO RODOVIÁRIO FEDERAL JARAGUÁ;2021;BR-153;GO;361,000;Jaraguá;Principal;Crescente;Ativo;;-15,774878;-49,306928
ECOVIAS DO ARAGUAIA;POSTO RODOVIÁRIO FEDERAL GURUPI;2021;BR-153;TO;666,500;Gurupi;Principal;Crescente;Ativo;;-11,674158;-49,065075
ECOVIAS DO CERRADO;Delegacia DEL 15 - Uberlandia;2020;BR-365;MG;631,350;Uberlândia;Principal;Crescente;Ativo;;-18,897694;-48,382583
ECOVIAS DO CERRADO;Unidade Operacional - UOP Uberlandia;2020;BR-365;MG;631,350;Uberlândia;Principal;Crescente;Ativo;;-18,897694;-48,382583
ECOVIAS DO CERRADO;Unidade Operacional - UOP Cachoeira Alta;2020;BR-364;GO;92,650;Cachoeira Alta;Principal;Decrescente;Ativo;;-18,473024;-51,082241
ECOVIAS DO CERRADO;Unidade Operacional - UOP Jataí;2020;BR-364;GO;191,300;Jataí;Principal;Decrescente;Ativo;;-17,923583;-51,689722
ECOVIAS DO CERRADO;Delegacia DEL 05 - Jataí;2020;BR-364;GO;191,300;Jataí;Principal;Decrescente;Ativo;;-17,923583;-51,689722
ECOVIAS PONTE;Delegacia em Niterói;2017;BR-101;RJ;322,080;Niterói;Principal;Crescente;Ativo;;-22,878384;-43,114368
ECOVIAS PONTE;Unidade Operacional Niterói;2017;Acesso N 02;RJ;0,100;Niterói;Principal;Crescente;Ativo;;-22,879268;-43,114084
ECOVIAS PONTE;Unidade Operacional RJ;2017;BR-101;RJ;332,800;Rio de Janeiro;Principal;Crescente;Ativo;;-22,879383;-43,211877
ECOVIAS RIO MINAS;UOP PRF;2021;BR-116;RJ;74,140;Teresópolis;Principal;Crescente/Decrescente;Ativo;;-22,169617;-42,828579
ECOVIAS RIO MINAS;Delegacia e UOP PRF;2021;BR-116;RJ;47,060;Teresópolis;Principal;Crescente/Decrescente;Ativo;;-22,169617;-42,828579
ECOVIAS RIO MINAS;UOP PRF;2021;BR-116;RJ;126,250;Magé;Principal;Crescente/Decrescente;Ativo;;-22,654775;-43,086650
ECOVIAS RIO MINAS;UOP PRF;2021;BR-116;RJ;137,545;Magé;Principal;Crescente/Decrescente;Ativo;;-22,647318;-43,184696
ECOVIAS RIO MINAS;UOP PRF;2021;BR-116;RJ;176,795;São João de Meriti;Principal;Crescente/Decrescente;Ativo;;-22,782600;-43,386344
ECOVIAS RIO MINAS;UOP PRF;2021;BR-116;RJ;212,804;Seropédica;Principal;Crescente/Decrescente;Ativo;;-22,716081;-43,715917
ECOVIAS RIO MINAS;UOP PRF;2021;BR-116;MG;522,160;Caratinga;Principal;Crescente/Decrescente;Ativo;;-19,747529;-42,132865
ECOVIAS RIO MINAS;UOP PRF;2021;BR-116;MG;529,080;Caratinga;Principal;Crescente/Decrescente;Ativo;;-19,806267;-42,135181
ECOVIAS RIO MINAS;UOP PRF;2021;BR-116;MG;650,445;Fervedouro;Principal;Crescente/Decrescente;Ativo;;-20,727863;-42,281189
ECOVIAS RIO MINAS;UOP PRF;2021;BR-116;MG;703,795;Muriaé;Principal;Crescente/Decrescente;Ativo;;-21,135956;-42,386927
ECOVIAS RIO MINAS;UOP PRF;2021;BR-116;MG;767,650;Leopoldina;Principal;Crescente/Decrescente;Ativo;;-21,543640;-42,657215
ECOVIAS RIO MINAS;UOP PRF;2021;BR-465;RJ;22,420;Rio de Janeiro;Principal;Crescente/Decrescente;Ativo;;-22,864880;-43,601078
LITORAL PIONEIRO;Postos da PRF - Santo Antonio da Platina;2019;BR-153;PR;40,500;Santo Antônio da Platina;Principal;Crescente;Ativo;;-23,284540;-50,056780
LITORAL PIONEIRO;Postos da PRF - Paranaguá;2019;BR-277;PR;11,750;Paranaguá;Principal;Crescente;Ativo;;-25,564080;-48,632880
LITORAL PIONEIRO;Postos da PRF - São José dos Pinhais;2019;BR-277;PR;59,310;São José dos Pinhais;Principal;Decrescente;Ativo;;-25,555620;-49,029420
LITORAL PIONEIRO;Postos da BPRv - Piraí do Sul;2019;151;PR;264,000;Piraí do Sul;Principal;Crescente;Ativo;;-24,593680;-49,948220
LITORAL PIONEIRO;Postos da BPRv - Pontal do Paraná;2019;407;PR;16,000;Pontal do Paraná;Principal;Crescente;Ativo;;-25,683980;-48,495390
LITORAL PIONEIRO;Postos da BPRv - Paranaguá;2019;508;PR;14,000;Paranaguá;Principal;Crescente;Ativo;;-25,692060;-48,574340
LITORAL PIONEIRO;Postos da PRF - Cornélio Procópio;2019;BR-369;PR;83,840;Cornélio Procópio;Principal;Crescente;Ativo;;-23,160180;-50,608090
LITORAL PIONEIRO;Postos da BPRv - Arapoti;2019;092;PR;220,000;Arapoti;Principal;Decrescente;Ativo;;-24,118970;-49,844130
LITORAL PIONEIRO;Postos da BPRv - Santo Antonio da Platina;2019;092;PR;323,600;Santo Antônio da Platina;Principal;Decrescente;Ativo;;-23,384850;-50,053240
MSVIA;PRF Mundo Novo;2014;BR-163;MS;33,207;Eldorado;Principal;Decrescente;Ativo;;-23,822461;-54,330442
MSVIA;Delegacia PRF Naviraí;2014;BR-163;MS;130,506;Naviraí;Principal;Decrescente;Ativo;;-23,037929;-54,264500
MSVIA;PRF Navirai;2014;BR-163;MS;130,518;Naviraí;Principal;Decrescente;Ativo;;-23,037929;-54,264369
MSVIA;PRF Caarapó;2014;BR-163;MS;216,096;Caarapó;Principal;Decrescente;Ativo;;-22,568592;-54,821849
MSVIA;Delegacia PRF Dourados;2014;BR-163;MS;267,264;Dourados;Principal;Decrescente;Ativo;;-22,210859;-54,713394
MSVIA;PRF Dourados;2014;BR-163;MS;267,292;Dourados;Principal;Decrescente;Ativo;;-22,210678;-54,713196
MSVIA;PRF Rio Brilhante;2014;BR-163;MS;323,712;Rio Brilhante;Principal;Decrescente;Ativo;;-21,778803;-54,526403
MSVIA;PRF Campo Grande;2014;BR-163;MS;454,641;Campo Grande;Principal;Decrescente;Ativo;;-20,685166;-54,553880
MSVIA;PRF de Jaraguari;2014;BR-163;MS;530,564;Jaraguari;Principal;Decrescente;Ativo;;-20,067929;-54,424932
MSVIA;PRF São Gabriel do Oeste;2014;BR-163;MS;612,072;São Gabriel do Oeste;Principal;Decrescente;Ativo;;-19,416548;-54,553502
MSVIA;PRF Coxim;2014;BR-163;MS;734,566;Coxim;Principal;Decrescente;Ativo;;-18,468383;-54,715862
MSVIA;Delegacia PRF Coxim;2014;BR-163;MS;734,630;Coxim;Principal;Decrescente;Ativo;;-18,467793;-54,715746
RIOSP;7 Delegacia da PRF;2000;BR-116;RJ;310,250;Resende;Principal;Crescente;Ativo;;-22,458920;-44,437260
RIOSP;PRF Aparecida;2000;BR-116;SP;71,420;Aparecida;Principal;Crescente;Ativo;;-22,858180;-45,233170
RIOSP;PRF Aruja;2000;BR-116;SP;198,800;Arujá;Principal;Crescente;Ativo;;-23,401400;-46,311090
RIOSP;PRF Balanca Resende;2000;BR-116;RJ;307,800;Resende;Principal;Crescente;Ativo;;-22,457110;-44,412890
RIOSP;PRF Bonsucesso;2000;BR-116;SP;208,850;Guarulhos;Principal;Decrescente;Ativo;;-23,423960;-46,397900
RIOSP;PRF Cacapava;2000;BR-116;SP;126,880;Caçapava;Principal;Crescente;Ativo;;-23,106620;-45,697460
RIOSP;PRF Caicara;2000;BR-116;RJ;233,440;Piraí;Principal;Decrescente;Ativo;;-22,666990;-43,841020
RIOSP;PRF Floriano;2000;BR-116;RJ;293,000;Barra Mansa;Principal;Crescente;Ativo;;-22,469980;-44,279070
RIOSP;PRF Guararema;2000;BR-116;SP;179,750;Guararema;Principal;Crescente;Ativo;;-23,334200;-46,141330
RIOSP;PRF Itatiaia;2000;BR-116;RJ;319,080;Itatiaia;Principal;Crescente;Ativo;;-22,495205;-44,571317
RIOSP;PRF;2000;BR-101;SP;31,926;Ubatuba;Principal;Decrescente;Ativo;;-23,387417;-44,979968
RIOSP;PRF;2000;BR-101;SP;48,048;Ubatuba;Principal;Decrescente;Ativo;;-23,437581;-45,087539
RIOSP;PRF;2000;BR-101;RJ;399,795;Itaguaí;Principal;Crescente;Ativo;;-22,858902;-43,759130
RIOSP;PRF;2000;BR-101;RJ;473,124;Angra dos Reis;Principal;Crescente;Ativo;;-22,989642;-44,241800
RIOSP;PRF;2000;BR-101;RJ;543,279;Paraty;Principal;Decrescente;Ativo;;-23,030895;-44,546071
RIOSP;PRF - Queluz;2000;BR-116;SP;0,450;Queluz;Principal;Decrescente;Ativo;;-22,516398;-44,703763
RIOSP;PRF - Lavrinhas ;2000;BR-116;SP;18,240;Lavrinhas;Principal;Decrescente;Ativo;;-22,560080;-44,858750
RIOSP;PRF - Roseira ;2000;BR-116;SP;78,630;Roseira;Principal;Crescente;Ativo;;-22,891522;-45,291683
RIOSP;PRF - Taubaté ;2000;BR-116;SP;112,600;Taubaté;Principal;Crescente;Ativo;;-23,043092;-45,577595
RIOSP;PRF - São José dos Campos ;2000;BR-116;SP;156,200;São José dos Campos;Principal;Crescente;Ativo;;-23,249380;-45,935715
RIOSP;PRF - Paracambi;2000;BR-116;RJ;223,500;Paracambi;Principal;Crescente;Ativo;;-22,687541;-43,808852
RIOSP;PRF - Volta Redonda ;2000;BR-116;RJ;263,400;Volta Redonda;Principal;Crescente;Ativo;;-22,592743;-44,071345
RIOSP;PRF- Itatiaia ;2000;BR-116;RJ;317,300;Itatiaia;Principal;Decrescente;Ativo;;-22,467558;-44,504014
RIOSP;PRF Jacareí;2000;BR-116;SP;165,300;Jacareí;Principal;Crescente;Ativo;;-23,297396;-46,009532
RODOVIA DO AÇO;6ª Delegacia - Unidade Operacional 02;2016;BR-393;RJ;137,000;Sapucaia;Principal;Decrescente;Ativo;;-22,012980;-42,952873
RODOVIA DO AÇO;5ª Delegacia - Unidade Operacional 01;2016;BR-393;RJ;182,700;Paraíba do Sul;Principal;Crescente;Ativo;;-22,143316;-43,287729
RODOVIA DO AÇO;5ª Delegacia - Unidade Operacional 02;2016;BR-393;RJ;275,000;Barra do Piraí;Principal;Decrescente;Ativo;;-22,475864;-44,005386
TRANSBRASILIANA;PRF SJRP;2015;BR-153;SP;69,700;São José do Rio Preto;Principal;Crescente;Ativo;;-20,854730;-49,404263
TRANSBRASILIANA;PRF SJRP;2015;BR-153;SP;58,200;São José do Rio Preto;Principal;Crescente;Ativo;;-22,978458;-49,903744
TRANSBRASILIANA;PRF GUAIÇARA;2015;BR-153;SP;174,000;Guaiçara;Principal;Crescente;Ativo;;-22,267857;-49,923841
TRANSBRASILIANA;PRF MARÍLIA;2015;BR-153;SP;260,500;Marília;Principal;Crescente;Ativo;;-21,629143;-49,787799
TRANSBRASILIANA;PRF OURINHOS;2015;BR-153;SP;345,200;Ourinhos;Principal;Crescente;Ativo;;-20,785228;-49,354013
VIA ARAUCÁRIA;PRF - 277 - KM 140;2019;BR-277;PR;146,500;Balsa Nova;Principal;Crescente/Decrescente;Ativo;;-25,470275;-49,724723
VIA ARAUCÁRIA;PRF - 277 - KM 246;2019;BR-277;PR;252,365;Irati;Principal;Crescente/Decrescente;Ativo;;-25,444149;-50,682023
VIA ARAUCÁRIA;PRF - 373 - KM 184;2019;BR-373;PR;183,910;Ponta Grossa;Principal;Crescente/Decrescente;Ativo;;-25,043573;-50,283732
VIA ARAUCÁRIA;PRF - 476 - KM 158;2019;BR-476;PR;158,000;Araucária;Principal;Decrescente;Ativo;;-25,609995;-49,422603
VIA BRASIL;PRF 01 - Guarantã do Norte;2021;BR-163;MT;1086,000;Guarantã do Norte;Principal;Decrescente;Ativo;;-9,759673;-54,895896
VIA BRASIL;PRF 02 - Novo Progresso;2021;BR-163;PA;297,300;Novo Progresso;Principal;Crescente;Ativo;;-7,153187;-55,374572
VIA BRASIL;PRF 03 - Itaituba;2021;BR-163;PA;605,400;Itaituba;Principal;Crescente;Ativo;;-4,806317;-56,122761
VIA COSTEIRA;Polícia Rodoviária Paulo Lopes;2020;BR-101;SC;266,600;Paulo Lopes;Principal;Crescente;Ativo;;-28,077323;-48,712498
VIA COSTEIRA;Polícia Rodoviária Federal de Tubarão;2020;BR-101;SC;343,500;Tubarão;Principal;Crescente;Ativo;;-28,543700;-49,053492
VIA COSTEIRA;Polícia Rodoviária Federal de Araranguá;2020;BR-101;SC;421,000;Araranguá;Principal;Crescente;Ativo;;-29,005166;-49,564508
VIA CRISTAIS;Paracatu;2010;BR-40;MG;47,500;Paracatu;Principal;Crescente;Ativo;;-17,241500;-46,823670
VIA CRISTAIS;Três Marias;2010;BR-40;MG;284,614;Três Marias;Principal;Crescente;Ativo;;-18,249259;-45,176903
VIA CRISTAIS;Sete Lagoas;2010;BR-40;MG;471,000;Sete Lagoas;Principal;Crescente/Decrescente;Ativo;;-19,474515;-44,291901
VIA MINEIRA;PRF 01;2012;BR-40;MG;544,000;Belo Horizonte;Principal;Crescente;Ativo;;-20,000192;-43,964003
VIA MINEIRA;"PRF 02	";2012;BR-40;MG;607,000;Congonhas;Principal;Crescente;Ativo;;-20,479242;-43,841242
VIA MINEIRA;PRF 03;2012;BR-40;MG;766,000;Juiz de Fora;Principal;Crescente;Ativo;;-21,593384;-43,457060
VIA SUL;Polícia Rodoviária Federal de Torres;2019;BR-101;RS;0,200;Torres;Principal;Crescente/Decrescente;Ativo;;-29,300935;-49,771369
VIA SUL;Polícia Rodoviária Federal de Osório;2019;BR-101;RS;83,200;Osório;Principal;Crescente;Ativo;;-29,857100;-50,248116
VIA SUL;Polícia Rodoviária Federal de Porto Alegre;2019;BR-290;RS;91,000;Porto Alegre;Principal;Crescente/Decrescente;Ativo;;-29,969938;-51,170845
VIA SUL;Polícia Rodoviária Federal de Soledade;2019;BR-386;RS;250,200;Soledade;Principal;Crescente;Ativo;;-28,828077;-52,465293
VIA SUL;Polícia Rodoviária Federal de Lajeado;2019;BR-386;RS;342,000;Lajeado;Principal;Crescente;Ativo;;-29,432073;-52,011812
VIA SUL;Polícia Rodoviária Federal de Tabaí;2019;BR-386;RS;386,000;Tabaí;Principal;Crescente/Decrescente;Ativo;;-29,690748;-51,712039
VIA SUL;Polícia Rodoviária Federal de Montenegro;2019;BR-386;RS;423,800;Montenegro;Principal;Decrescente;Ativo;;-29,817888;-51,382876
